window_start,requests_per_window,unique_ip_count,unique_url_count,avg_url_length,max_url_length,avg_response_bytes,total_response_bytes,status_2xx_ratio,status_3xx_ratio,status_4xx_ratio,status_5xx_ratio,suspicious_uri_ratio,avg_request_interval_sec,method_ratio_GET,method_ratio_HEAD,method_ratio_OTHER,method_ratio_POST,max_requests_single_ip
2019-01-22 03:56:00,242,39,202,62.52479338842975,447,15680.020661157025,3794565,0.9504132231404959,0.024793388429752067,0.024793388429752067,0.0,0.0,1.9064039408866995,0.9421487603305785,0.012396694214876033,0.0,0.045454545454545456,34
2019-01-22 03:57:00,287,47,248,80.58188153310104,478,19913.51567944251,5715179,0.9512195121951219,0.0313588850174216,0.017421602787456445,0.0,0.0,4.285714285714286,0.9825783972125436,0.006968641114982578,0.0,0.010452961672473868,37
2019-01-22 03:58:00,331,55,248,87.36253776435045,478,21329.70996978852,7060134,0.9033232628398792,0.06646525679758308,0.030211480362537766,0.0,0.0,5.21594684385382,0.9848942598187311,0.015105740181268883,0.0,0.0,54
2019-01-22 03:59:00,425,42,317,44.52470588235294,460,16890.322352941177,7178387,0.9388235294117647,0.011764705882352941,0.04941176470588235,0.0,0.0,3.7783251231527095,0.9835294117647059,0.01411764705882353,0.0,0.002352941176470588,82
2019-01-22 04:00:00,246,43,179,51.28048780487805,394,20646.044715447155,5078927,0.8943089430894309,0.06910569105691057,0.036585365853658534,0.0,0.0,7.192825112107624,0.926829268292683,0.07317073170731707,0.0,0.0,52
2019-01-22 04:01:00,245,40,188,48.906122448979595,299,19030.73469387755,4662530,0.9061224489795918,0.04081632653061224,0.053061224489795916,0.0,0.0,6.40625,0.9673469387755103,0.0326530612244898,0.0,0.0,50
2019-01-22 04:02:00,165,33,124,62.73939393939394,467,21695.466666666667,3579752,0.8363636363636363,0.06666666666666667,0.09696969696969697,0.0,0.0,9.766666666666667,0.9696969696969697,0.030303030303030304,0.0,0.0,36
2019-01-22 04:03:00,168,33,133,64.125,409,24550.089285714286,4124415,0.8333333333333334,0.10714285714285714,0.05952380952380952,0.0,0.0,6.913907284768212,0.9940476190476191,0.005952380952380952,0.0,0.0,39
2019-01-22 04:04:00,197,37,165,90.13197969543147,481,22361.279187817257,4405172,0.868020304568528,0.08121827411167512,0.050761421319796954,0.0,0.0,14.430939226519337,0.9695431472081218,0.030456852791878174,0.0,0.0,34
2019-01-22 04:05:00,212,37,154,82.89622641509433,467,17556.02358490566,3721877,0.8207547169811321,0.1320754716981132,0.04716981132075472,0.0,0.0,13.94949494949495,0.9198113207547169,0.08018867924528301,0.0,0.0,54
2019-01-22 04:06:00,340,31,268,72.56470588235294,460,18042.670588235294,6134508,0.9205882352941176,0.058823529411764705,0.020588235294117647,0.0,0.0,7.840978593272172,0.9794117647058823,0.020588235294117647,0.0,0.0,52
2019-01-22 04:07:00,283,42,231,65.2826855123675,516,19464.36042402827,5508414,0.911660777385159,0.07420494699646643,0.014134275618374558,0.0,0.0,16.026515151515152,0.9858657243816255,0.014134275618374558,0.0,0.0,39
2019-01-22 04:08:00,238,37,204,143.7731092436975,639,25732.100840336134,6124240,0.9201680672268907,0.07983193277310924,0.0,0.0,0.0,12.114155251141552,1.0,0.0,0.0,0.0,74
2019-01-22 04:09:00,238,42,174,76.50840336134453,454,26284.344537815126,6255674,0.8109243697478992,0.1134453781512605,0.07563025210084033,0.0,0.0,11.527777777777779,0.9705882352941176,0.029411764705882353,0.0,0.0,43
2019-01-22 04:10:00,249,37,182,64.63453815261045,401,20633.963855421687,5137857,0.7228915662650602,0.1285140562248996,0.14859437751004015,0.0,0.0,23.362869198312236,0.9317269076305221,0.06827309236947791,0.0,0.0,49
2019-01-22 04:11:00,230,37,190,73.77391304347826,447,26459.34347826087,6085649,0.8173913043478261,0.09565217391304348,0.08695652173913043,0.0,0.0,23.61860465116279,0.9956521739130435,0.004347826086956522,0.0,0.0,42
2019-01-22 04:12:00,245,31,188,63.224489795918366,485,21319.224489795917,5223210,0.8775510204081632,0.11428571428571428,0.004081632653061225,0.004081632653061225,0.004081632653061225,8.243478260869566,1.0,0.0,0.0,0.0,57
2019-01-22 04:13:00,186,23,126,94.00537634408602,727,21981.532258064515,4088565,0.8602150537634409,0.13978494623655913,0.0,0.0,0.0,16.305555555555557,1.0,0.0,0.0,0.0,45
2019-01-22 04:14:00,212,34,176,84.7877358490566,459,22401.92924528302,4749209,0.9056603773584906,0.08490566037735849,0.009433962264150943,0.0,0.0,23.205,0.9905660377358491,0.009433962264150943,0.0,0.0,40
2019-01-22 04:15:00,266,47,207,71.1015037593985,453,27565.93233082707,7332538,0.924812030075188,0.06015037593984962,0.015037593984962405,0.0,0.0,31.124,0.9624060150375939,0.03759398496240601,0.0,0.0,42
2019-01-22 04:16:00,136,28,108,103.23529411764706,447,29174.147058823528,3967684,0.8823529411764706,0.08823529411764706,0.029411764705882353,0.0,0.0,17.449612403100776,1.0,0.0,0.0,0.0,28
2019-01-22 04:17:00,192,38,167,87.35416666666667,459,19569.494791666668,3757343,0.875,0.0625,0.0625,0.0,0.0,26.06779661016949,0.984375,0.015625,0.0,0.0,38
2019-01-22 04:18:00,361,44,280,59.30193905817175,447,18346.509695290857,6623090,0.9168975069252078,0.06371191135734072,0.019390581717451522,0.0,0.0,25.485549132947977,0.997229916897507,0.002770083102493075,0.0,0.0,68
2019-01-22 04:19:00,315,38,258,67.97460317460317,447,16680.99365079365,5254513,0.9174603174603174,0.06031746031746032,0.022222222222222223,0.0,0.0,15.174342105263158,0.9904761904761905,0.009523809523809525,0.0,0.0,70
2019-01-22 04:20:00,197,44,155,88.42639593908629,443,20591.654822335026,4056556,0.9035532994923858,0.08121827411167512,0.015228426395939087,0.0,0.0,36.54644808743169,0.9543147208121827,0.04568527918781726,0.0,0.0,28
2019-01-22 04:21:00,164,39,129,106.6219512195122,453,22879.603658536584,3752255,0.9085365853658537,0.06707317073170732,0.024390243902439025,0.0,0.0,35.67567567567568,1.0,0.0,0.0,0.0,36
2019-01-22 04:22:00,184,39,165,86.44021739130434,459,26560.043478260868,4887048,0.8858695652173914,0.08152173913043478,0.03260869565217391,0.0,0.0,30.53614457831325,1.0,0.0,0.0,0.0,31
2019-01-22 04:23:00,203,37,181,96.0935960591133,459,27106.802955665025,5502681,0.9458128078817734,0.014778325123152709,0.03940886699507389,0.0,0.0049261083743842365,29.73821989528796,1.0,0.0,0.0,0.0,38
2019-01-22 04:24:00,249,36,231,64.88353413654619,385,17302.89156626506,4308420,0.9357429718875502,0.04819277108433735,0.01606425702811245,0.0,0.004016064257028112,44.65289256198347,0.9919678714859438,0.008032128514056224,0.0,0.0,108
2019-01-22 04:25:00,291,44,257,67.45360824742268,465,20227.556701030928,5886219,0.9312714776632303,0.05154639175257732,0.01718213058419244,0.0,0.003436426116838488,42.84172661870504,0.9690721649484536,0.030927835051546393,0.0,0.0,92
2019-01-22 04:26:00,141,29,127,89.0354609929078,465,21143.54609929078,2981240,0.9361702127659575,0.0425531914893617,0.02127659574468085,0.0,0.014184397163120567,51.080882352941174,1.0,0.0,0.0,0.0,25
2019-01-22 04:27:00,136,36,114,95.63235294117646,469,25911.647058823528,3523984,0.8602941176470589,0.11029411764705882,0.029411764705882353,0.0,0.0,23.272727272727273,1.0,0.0,0.0,0.0,29
2019-01-22 04:28:00,252,28,191,74.36111111111111,383,21839.650793650795,5503592,0.9523809523809523,0.027777777777777776,0.01984126984126984,0.0,0.0,16.379591836734694,1.0,0.0,0.0,0.0,93
2019-01-22 04:29:00,238,40,199,77.51680672268908,422,20626.33613445378,4909068,0.9621848739495799,0.029411764705882353,0.008403361344537815,0.0,0.0,44.84649122807018,0.9915966386554622,0.008403361344537815,0.0,0.0,37
2019-01-22 04:30:00,205,38,164,82.55121951219512,493,20221.156097560975,4145337,0.9073170731707317,0.08780487804878048,0.004878048780487805,0.0,0.0,53.826530612244895,0.9658536585365853,0.03414634146341464,0.0,0.0,42
2019-01-22 04:31:00,181,32,166,86.05524861878453,474,20242.690607734807,3663927,0.9060773480662984,0.08287292817679558,0.011049723756906077,0.0,0.0055248618784530384,45.437869822485204,0.988950276243094,0.0055248618784530384,0.0,0.0055248618784530384,34
2019-01-22 04:32:00,231,42,174,76.44155844155844,613,20492.489177489177,4733765,0.9134199134199135,0.0735930735930736,0.012987012987012988,0.0,0.0,59.5,1.0,0.0,0.0,0.0,49
2019-01-22 04:33:00,314,42,262,76.10509554140127,474,23202.684713375795,7285643,0.910828025477707,0.044585987261146494,0.044585987261146494,0.0,0.0,44.13815789473684,0.9840764331210191,0.01592356687898089,0.0,0.0,94
2019-01-22 04:34:00,201,34,164,89.56218905472637,591,27908.079601990048,5609524,0.845771144278607,0.11442786069651742,0.03980099502487562,0.0,0.0,43.91282051282051,0.9751243781094527,0.024875621890547265,0.0,0.0,40
2019-01-22 04:35:00,488,34,333,56.872950819672134,481,16382.618852459016,7994718,0.9631147540983607,0.02663934426229508,0.010245901639344262,0.0,0.0,14.652719665271967,0.9836065573770492,0.01639344262295082,0.0,0.0,239
2019-01-22 04:36:00,334,36,265,59.55988023952096,481,16303.859281437126,5445489,0.9341317365269461,0.05089820359281437,0.014970059880239521,0.0,0.0,21.64923076923077,0.9760479041916168,0.0029940119760479044,0.0,0.020958083832335328,76
2019-01-22 04:37:00,258,40,214,71.75581395348837,488,19169.375968992248,4945699,0.9341085271317829,0.05426356589147287,0.011627906976744186,0.0,0.0,44.10441767068273,0.9922480620155039,0.003875968992248062,0.0,0.003875968992248062,58
2019-01-22 04:38:00,209,44,166,102.99043062200957,488,22971.047846889953,4800949,0.9090909090909091,0.08133971291866028,0.009569377990430622,0.0,0.0,65.94416243654823,0.9760765550239234,0.014354066985645933,0.0,0.009569377990430622,32
2019-01-22 04:39:00,314,42,253,81.69108280254777,495,18286.079617834395,5741829,0.8439490445859873,0.10191082802547771,0.054140127388535034,0.0,0.0,34.691029900332225,0.9936305732484076,0.006369426751592357,0.0,0.0,103
2019-01-22 04:40:00,345,43,283,69.5768115942029,481,19096.646376811594,6588343,0.881159420289855,0.1072463768115942,0.011594202898550725,0.0,0.0,52.95238095238095,0.9652173913043478,0.03188405797101449,0.0,0.002898550724637681,77
2019-01-22 04:41:00,240,38,203,78.0875,495,22140.9875,5313837,0.8916666666666667,0.09583333333333334,0.0125,0.0,0.004166666666666667,47.05194805194805,0.9875,0.0125,0.0,0.0,53
2019-01-22 04:42:00,267,32,208,63.43445692883895,489,17552.50936329588,4686520,0.898876404494382,0.08614232209737828,0.0149812734082397,0.0,0.0,18.11764705882353,0.9925093632958801,0.003745318352059925,0.0,0.003745318352059925,52
2019-01-22 04:43:00,307,35,235,68.92833876221498,485,22572.8664495114,6929870,0.9153094462540716,0.06840390879478828,0.016286644951140065,0.0,0.0,41.758389261744966,0.9869706840390879,0.013029315960912053,0.0,0.0,65
2019-01-22 04:44:00,206,44,167,74.66019417475728,670,25175.40776699029,5186134,0.8009708737864077,0.16019417475728157,0.038834951456310676,0.0,0.0,37.712765957446805,0.9902912621359223,0.009708737864077669,0.0,0.0,30
2019-01-22 04:45:00,350,41,282,53.12285714285714,644,13779.294285714286,4822753,0.8485714285714285,0.12,0.03142857142857143,0.0,0.002857142857142857,33.54782608695652,0.9742857142857143,0.025714285714285714,0.0,0.0,89
2019-01-22 04:46:00,245,51,200,73.24897959183673,495,20475.938775510203,5016605,0.8326530612244898,0.13877551020408163,0.02857142857142857,0.0,0.0,75.54237288135593,0.9959183673469387,0.004081632653061225,0.0,0.0,53
2019-01-22 04:47:00,206,57,155,56.101941747572816,481,20833.606796116506,4291723,0.7766990291262136,0.1796116504854369,0.043689320388349516,0.0,0.0,106.92307692307692,0.970873786407767,0.009708737864077669,0.0,0.019417475728155338,31
2019-01-22 04:48:00,389,42,240,60.10539845758355,458,22199.884318766068,8635755,0.922879177377892,0.05398457583547558,0.02313624678663239,0.0,0.0,34.79736842105263,0.987146529562982,0.012853470437017995,0.0,0.0,102
2019-01-22 04:49:00,238,40,205,82.62605042016807,474,20826.4243697479,4956689,0.8865546218487395,0.08823529411764706,0.025210084033613446,0.0,0.0,68.89912280701755,0.9873949579831933,0.012605042016806723,0.0,0.0,44
2019-01-22 04:50:00,151,38,126,104.72847682119205,495,23194.139072847684,3502315,0.8543046357615894,0.12582781456953643,0.019867549668874173,0.0,0.0,76.33098591549296,0.9536423841059603,0.046357615894039736,0.0,0.0,29
2019-01-22 04:51:00,180,36,160,86.2611111111111,460,23029.93888888889,4145389,0.8944444444444445,0.06666666666666667,0.03888888888888889,0.0,0.0,84.8735632183908,1.0,0.0,0.0,0.0,30
2019-01-22 04:52:00,272,42,224,70.11397058823529,478,21193.665441176472,5764677,0.9007352941176471,0.08823529411764706,0.011029411764705883,0.0,0.0,57.72243346007605,1.0,0.0,0.0,0.0,60
2019-01-22 04:53:00,231,37,191,94.80086580086581,453,22882.26406926407,5285803,0.9090909090909091,0.08225108225108226,0.008658008658008658,0.0,0.0,44.02232142857143,0.9913419913419913,0.008658008658008658,0.0,0.0,35
2019-01-22 04:54:00,314,33,249,63.86624203821656,401,18692.87898089172,5869564,0.89171974522293,0.08917197452229299,0.01910828025477707,0.0,0.0,8.452459016393442,0.9968152866242038,0.0031847133757961785,0.0,0.0,76
2019-01-22 04:55:00,182,37,158,70.28571428571429,408,22686.994505494506,4129033,0.8791208791208791,0.09340659340659341,0.027472527472527472,0.0,0.0,154.1888888888889,0.9615384615384616,0.038461538461538464,0.0,0.0,34
2019-01-22 04:56:00,218,38,189,73.62844036697248,490,19894.75229357798,4337056,0.8715596330275229,0.07339449541284404,0.05504587155963303,0.0,0.0,97.05314009661836,1.0,0.0,0.0,0.0,39
2019-01-22 04:57:00,206,31,185,82.95631067961165,408,22497.805825242718,4634548,0.9320388349514563,0.06796116504854369,0.0,0.0,0.0,31.787128712871286,1.0,0.0,0.0,0.0,45
2019-01-22 04:58:00,209,34,178,81.44976076555024,497,21790.727272727272,4554262,0.9186602870813397,0.07177033492822966,0.009569377990430622,0.0,0.0,86.34313725490196,0.9904306220095693,0.009569377990430622,0.0,0.0,52
2019-01-22 04:59:00,190,51,171,70.76315789473684,497,24250.836842105262,4607659,0.8631578947368421,0.12105263157894737,0.015789473684210527,0.0,0.0,189.46067415730337,0.9894736842105263,0.010526315789473684,0.0,0.0,59
2019-01-22 05:00:00,209,40,165,87.73205741626795,1175,18551.82775119617,3877332,0.8086124401913876,0.14354066985645933,0.04784688995215311,0.0,0.0,62.791044776119406,0.9665071770334929,0.03349282296650718,0.0,0.0,47
2019-01-22 05:01:00,175,47,147,81.20571428571428,415,25464.76,4456333,0.8228571428571428,0.14857142857142858,0.02857142857142857,0.0,0.011428571428571429,137.31645569620252,1.0,0.0,0.0,0.0,40
2019-01-22 05:02:00,519,47,404,54.86512524084778,504,17055.38535645472,8851745,0.9460500963391136,0.05009633911368015,0.0038535645472061657,0.0,0.0019267822736030828,46.713147410358566,1.0,0.0,0.0,0.0,92
2019-01-22 05:03:00,327,42,259,66.90519877675841,497,22916.2996941896,7493630,0.8195718654434251,0.14984709480122324,0.03058103975535168,0.0,0.0030581039755351682,54.81619937694704,0.9785932721712538,0.021406727828746176,0.0,0.0,66
2019-01-22 05:04:00,214,46,191,99.02803738317758,504,25344.429906542056,5423708,0.9158878504672897,0.07009345794392523,0.014018691588785047,0.0,0.0,120.09569377990431,0.985981308411215,0.009345794392523364,0.0,0.004672897196261682,40
2019-01-22 05:05:00,249,45,215,75.09236947791165,504,20362.128514056225,5070170,0.9196787148594378,0.060240963855421686,0.020080321285140562,0.0,0.0,126.04545454545455,0.9598393574297188,0.028112449799196786,0.0,0.012048192771084338,48
2019-01-22 05:06:00,229,47,203,82.97379912663756,502,25751.489082969434,5897091,0.9475982532751092,0.043668122270742356,0.008733624454148471,0.0,0.004366812227074236,68.12053571428571,1.0,0.0,0.0,0.0,48
2019-01-22 05:07:00,265,39,202,71.15471698113207,502,23003.215094339623,6095852,0.9471698113207547,0.045283018867924525,0.007547169811320755,0.0,0.0,41.534615384615385,0.9962264150943396,0.0,0.0,0.0037735849056603774,96
2019-01-22 05:08:00,201,36,177,89.8457711442786,496,24337.915422885573,4891921,0.945273631840796,0.05472636815920398,0.0,0.0,0.0,67.87046632124353,0.9850746268656716,0.009950248756218905,0.0,0.004975124378109453,52
2019-01-22 05:09:00,243,44,193,70.81893004115226,483,21348.22633744856,5187619,0.9176954732510288,0.04938271604938271,0.03292181069958848,0.0,0.0,65.72457627118644,0.9670781893004116,0.00823045267489712,0.0,0.024691358024691357,40
2019-01-22 05:10:00,134,36,113,74.01492537313433,436,22924.201492537315,3071843,0.7761194029850746,0.11194029850746269,0.05970149253731343,0.05223880597014925,0.0,112.97709923664122,0.9328358208955224,0.03731343283582089,0.0,0.029850746268656716,21
2019-01-22 05:11:00,170,38,98,59.59411764705882,274,29465.4,5009118,0.8470588235294118,0.07058823529411765,0.07647058823529412,0.0058823529411764705,0.0,82.3558282208589,0.9764705882352941,0.023529411764705882,0.0,0.0,78
2019-01-22 05:12:00,169,41,137,83.57396449704142,436,26990.59171597633,4561410,0.7869822485207101,0.20118343195266272,0.011834319526627219,0.0,0.0,98.09146341463415,1.0,0.0,0.0,0.0,44
2019-01-22 05:13:00,320,38,281,65.1,428,16672.6,5335232,0.9,0.096875,0.003125,0.0,0.0,69.90506329113924,0.99375,0.00625,0.0,0.0,125
2019-01-22 05:14:00,146,41,115,76.70547945205479,475,24233.479452054795,3538088,0.8013698630136986,0.1780821917808219,0.02054794520547945,0.0,0.0,111.6,0.9863013698630136,0.0136986301369863,0.0,0.0,24
2019-01-22 05:15:00,199,39,152,81.58793969849246,492,25635.849246231155,5101534,0.8040201005025126,0.1457286432160804,0.05025125628140704,0.0,0.0,99.09278350515464,0.9849246231155779,0.01507537688442211,0.0,0.0,35
2019-01-22 05:16:00,133,36,103,63.13533834586466,496,20751.51879699248,2759952,0.7894736842105263,0.20300751879699247,0.007518796992481203,0.0,0.0,105.22222222222223,0.9924812030075187,0.007518796992481203,0.0,0.0,23
2019-01-22 05:17:00,149,36,116,80.96644295302013,526,26033.28187919463,3878959,0.7986577181208053,0.20134228187919462,0.0,0.0,0.0,51.4551724137931,0.9798657718120806,0.020134228187919462,0.0,0.0,26
2019-01-22 05:18:00,279,45,230,69.54121863799283,503,20881.247311827956,5825868,0.8888888888888888,0.1039426523297491,0.007168458781362007,0.0,0.0,78.82962962962964,0.992831541218638,0.007168458781362007,0.0,0.0,82
2019-01-22 05:19:00,233,46,194,68.91845493562232,483,21102.64806866953,4916917,0.8369098712446352,0.12446351931330472,0.03862660944206009,0.0,0.0,75.2433628318584,0.9914163090128756,0.008583690987124463,0.0,0.0,35
2019-01-22 05:20:00,269,48,225,69.28624535315986,503,18286.118959107807,4918966,0.8587360594795539,0.11895910780669144,0.022304832713754646,0.0,0.0,71.35271317829458,0.9888475836431226,0.011152416356877323,0.0,0.0,79
2019-01-22 05:21:00,350,49,262,58.77428571428572,488,18638.202857142856,6523371,0.9314285714285714,0.06285714285714286,0.005714285714285714,0.0,0.002857142857142857,78.51162790697674,0.9914285714285714,0.008571428571428572,0.0,0.0,165
2019-01-22 05:22:00,331,43,259,54.561933534743204,488,18309.16314199396,6060333,0.9395770392749244,0.04833836858006042,0.012084592145015106,0.0,0.0030211480362537764,23.01851851851852,0.9879154078549849,0.012084592145015106,0.0,0.0,134
2019-01-22 05:23:00,181,43,142,83.00552486187846,685,27596.75690607735,4995013,0.850828729281768,0.11602209944751381,0.03314917127071823,0.0,0.0,58.48850574712644,0.988950276243094,0.011049723756906077,0.0,0.0,42
2019-01-22 05:24:00,271,43,237,64.1660516605166,482,24147.431734317342,6543954,0.8819188191881919,0.08118081180811808,0.03690036900369004,0.0,0.0,94.3984962406015,0.992619926199262,0.007380073800738007,0.0,0.0,55
2019-01-22 05:25:00,229,44,167,67.33187772925764,496,25158.183406113538,5761224,0.8820960698689956,0.08296943231441048,0.034934497816593885,0.0,0.013100436681222707,120.35267857142857,0.9868995633187773,0.013100436681222707,0.0,0.0,60
2019-01-22 05:26:00,204,38,173,70.18627450980392,659,20797.16176470588,4242621,0.8725490196078431,0.10784313725490197,0.0196078431372549,0.0,0.0,110.07142857142857,0.9852941176470589,0.014705882352941176,0.0,0.0,35
2019-01-22 05:27:00,306,43,223,60.55555555555556,482,19015.42483660131,5818720,0.8790849673202614,0.06862745098039216,0.05228758169934641,0.0,0.0,75.85374149659864,0.9967320261437909,0.0032679738562091504,0.0,0.0,51
2019-01-22 05:28:00,287,32,219,61.041811846689896,496,21404.94425087108,6143219,0.9303135888501742,0.0627177700348432,0.006968641114982578,0.0,0.0,17.09285714285714,0.9930313588850174,0.006968641114982578,0.0,0.0,64
2019-01-22 05:29:00,223,32,186,88.82062780269058,476,24666.995515695067,5500740,0.9192825112107623,0.053811659192825115,0.026905829596412557,0.0,0.004484304932735426,36.51627906976744,0.9865470852017937,0.013452914798206279,0.0,0.0,35
2019-01-22 05:30:00,220,37,190,87.15454545454546,443,24528.55,5396281,0.8909090909090909,0.05,0.05909090909090909,0.0,0.004545454545454545,102.60280373831776,0.9863636363636363,0.013636363636363636,0.0,0.0,26
2019-01-22 05:31:00,244,36,214,86.34016393442623,443,24006.311475409835,5857540,0.8729508196721312,0.06967213114754098,0.05737704918032787,0.0,0.0,90.65975103734439,0.9877049180327869,0.012295081967213115,0.0,0.0,53
2019-01-22 05:32:00,266,36,216,71.13533834586467,504,20704.4022556391,5507371,0.8834586466165414,0.07518796992481203,0.041353383458646614,0.0,0.0,88.83333333333333,0.9887218045112782,0.011278195488721804,0.0,0.0,35
2019-01-22 05:33:00,286,43,212,74.25174825174825,450,23750.552447552447,6792658,0.9090909090909091,0.03146853146853147,0.05944055944055944,0.0,0.0,77.7589928057554,0.993006993006993,0.006993006993006993,0.0,0.0,48
2019-01-22 05:34:00,255,36,199,75.50196078431372,503,18690.44705882353,4766064,0.8980392156862745,0.06666666666666667,0.03529411764705882,0.0,0.0,59.34146341463415,0.9882352941176471,0.00784313725490196,0.0,0.00392156862745098,47
2019-01-22 05:35:00,284,37,242,69.73591549295774,496,17918.665492957745,5088901,0.8908450704225352,0.07394366197183098,0.035211267605633804,0.0,0.0,130.23655913978496,0.9894366197183099,0.01056338028169014,0.0,0.0,76
2019-01-22 05:36:00,212,42,166,85.69339622641509,496,19853.77358490566,4209000,0.7641509433962265,0.16037735849056603,0.07547169811320754,0.0,0.0,132.8009708737864,0.9858490566037735,0.014150943396226415,0.0,0.0,41
2019-01-22 05:37:00,227,39,183,90.74008810572687,489,21311.189427312776,4837640,0.8942731277533039,0.05726872246696035,0.048458149779735685,0.0,0.0,67.72811059907833,0.9911894273127754,0.00881057268722467,0.0,0.0,59
2019-01-22 05:38:00,243,37,213,91.08641975308642,498,22824.893004115227,5546449,0.9094650205761317,0.06995884773662552,0.0205761316872428,0.0,0.0,87.10924369747899,0.9917695473251029,0.00823045267489712,0.0,0.0,31
2019-01-22 05:39:00,281,39,251,87.37722419928825,496,25317.085409252668,7114101,0.9395017793594306,0.042704626334519574,0.017793594306049824,0.0,0.0,108.9084249084249,0.9928825622775801,0.0071174377224199285,0.0,0.0,57
2019-01-22 05:40:00,215,36,170,97.95348837209302,670,19156.3488372093,4118615,0.8093023255813954,0.12558139534883722,0.06511627906976744,0.0,0.004651162790697674,36.93269230769231,0.986046511627907,0.013953488372093023,0.0,0.0,41
2019-01-22 05:41:00,327,39,296,72.33333333333333,693,18464.238532110092,6037806,0.8990825688073395,0.0856269113149847,0.01529051987767584,0.0,0.0,71.28616352201257,0.9908256880733946,0.009174311926605505,0.0,0.0,88
2019-01-22 05:42:00,225,38,197,98.52,489,22370.782222222224,5033426,0.9022222222222223,0.07555555555555556,0.022222222222222223,0.0,0.0,137.78995433789953,0.9911111111111112,0.008888888888888889,0.0,0.0,44
2019-01-22 05:43:00,467,33,350,55.74304068522484,433,15717.479657387581,7340063,0.9079229122055674,0.07922912205567452,0.01284796573875803,0.0,0.0,40.91973969631236,0.9957173447537473,0.004282655246252677,0.0,0.0,92
2019-01-22 05:44:00,266,34,219,82.40601503759399,434,20279.45112781955,5394334,0.924812030075188,0.041353383458646614,0.03383458646616541,0.0,0.0037593984962406013,16.16862745098039,0.9924812030075187,0.007518796992481203,0.0,0.0,45
2019-01-22 05:45:00,200,37,167,99.295,434,26093.01,5218602,0.905,0.045,0.05,0.0,0.005,151.65463917525773,0.985,0.015,0.0,0.0,33
2019-01-22 05:46:00,233,32,200,88.62231759656652,489,23449.905579399143,5463828,0.9313304721030042,0.060085836909871244,0.008583690987124463,0.0,0.004291845493562232,46.37280701754386,0.9871244635193133,0.012875536480686695,0.0,0.0,52
2019-01-22 05:47:00,233,40,210,87.78540772532189,431,23755.064377682404,5534930,0.9785407725321889,0.017167381974248927,0.004291845493562232,0.0,0.004291845493562232,67.77477477477477,0.9957081545064378,0.004291845493562232,0.0,0.0,33
2019-01-22 05:48:00,248,37,214,93.4758064516129,438,26606.84677419355,6598498,0.9395161290322581,0.04435483870967742,0.016129032258064516,0.0,0.004032258064516129,84.53719008264463,0.9919354838709677,0.008064516129032258,0.0,0.0,37
2019-01-22 05:49:00,252,40,211,69.27380952380952,654,24883.325396825396,6270598,0.9246031746031746,0.06746031746031746,0.007936507936507936,0.0,0.0,64.33064516129032,0.9920634920634921,0.007936507936507936,0.0,0.0,32
2019-01-22 05:50:00,232,49,201,71.83620689655173,462,24689.133620689656,5727879,0.9353448275862069,0.05603448275862069,0.008620689655172414,0.0,0.004310344827586207,149.69724770642202,0.9870689655172413,0.01293103448275862,0.0,0.0,32
2019-01-22 05:51:00,294,41,271,73.88095238095238,644,17566.88775510204,5164665,0.935374149659864,0.05442176870748299,0.01020408163265306,0.0,0.0,98.21453287197232,0.9897959183673469,0.01020408163265306,0.0,0.0,87
2019-01-22 05:52:00,241,39,208,66.30705394190872,438,20188.792531120333,4865499,0.941908713692946,0.04564315352697095,0.012448132780082987,0.0,0.004149377593360996,103.25431034482759,0.991701244813278,0.008298755186721992,0.0,0.0,34
2019-01-22 05:53:00,196,40,162,90.5,444,23682.316326530614,4641734,0.9489795918367347,0.04081632653061224,0.01020408163265306,0.0,0.0,109.35135135135135,0.9897959183673469,0.01020408163265306,0.0,0.0,29
2019-01-22 05:54:00,223,46,192,79.56053811659193,727,22557.103139013452,5030234,0.9417040358744395,0.04035874439461883,0.017937219730941704,0.0,0.004484304932735426,164.93896713615024,0.9910313901345291,0.008968609865470852,0.0,0.0,32
2019-01-22 05:55:00,208,51,179,58.28365384615385,701,21946.68269230769,4564910,0.9038461538461539,0.07211538461538461,0.02403846153846154,0.0,0.0,155.46231155778895,0.9855769230769231,0.014423076923076924,0.0,0.0,37
2019-01-22 05:56:00,245,34,215,65.29795918367347,437,18136.179591836735,4443364,0.9020408163265307,0.07755102040816327,0.02040816326530612,0.0,0.004081632653061225,115.5,0.9795918367346939,0.02040816326530612,0.0,0.0,70
2019-01-22 05:57:00,276,48,232,67.82246376811594,422,21294.036231884056,5877154,0.9239130434782609,0.06159420289855073,0.014492753623188406,0.0,0.0036231884057971015,120.38076923076923,0.9963768115942029,0.0036231884057971015,0.0,0.0,42
2019-01-22 05:58:00,258,38,190,68.06976744186046,433,22254.96899224806,5741782,0.9224806201550387,0.06201550387596899,0.015503875968992248,0.0,0.003875968992248062,76.044,0.9922480620155039,0.007751937984496124,0.0,0.0,36
2019-01-22 05:59:00,259,38,214,84.92277992277992,458,23984.660231660233,6212027,0.9613899613899614,0.023166023166023165,0.015444015444015444,0.0,0.003861003861003861,10.294354838709678,0.9922779922779923,0.007722007722007722,0.0,0.0,32
2019-01-22 06:00:00,267,41,203,84.05992509363296,466,19409.142322097377,5182241,0.9026217228464419,0.06741573033707865,0.0299625468164794,0.0,0.003745318352059925,85.06274509803922,0.9850187265917603,0.011235955056179775,0.0,0.003745318352059925,39
2019-01-22 06:01:00,337,41,254,71.09198813056379,489,20327.234421364985,6850278,0.9317507418397626,0.05341246290801187,0.01483679525222552,0.0,0.0,45.47289156626506,0.9910979228486647,0.008902077151335312,0.0,0.0,64
2019-01-22 06:02:00,256,38,202,84.6640625,445,23090.7890625,5911242,0.97265625,0.0234375,0.00390625,0.0,0.0078125,111.8225806451613,0.99609375,0.00390625,0.0,0.0,32
2019-01-22 06:03:00,225,33,199,89.99111111111111,433,22315.057777777776,5020888,0.9644444444444444,0.035555555555555556,0.0,0.0,0.0,108.63063063063063,0.9911111111111112,0.008888888888888889,0.0,0.0,51
2019-01-22 06:04:00,279,36,229,69.21863799283155,432,19205.78494623656,5358414,0.8924731182795699,0.053763440860215055,0.053763440860215055,0.0,0.0,65.34456928838951,0.992831541218638,0.007168458781362007,0.0,0.0,77
2019-01-22 06:05:00,367,61,288,57.607629427792915,424,16156.008174386921,5929255,0.9427792915531336,0.043596730245231606,0.013623978201634877,0.0,0.0,151.44668587896254,0.9918256130790191,0.008174386920980926,0.0,0.0,54
2019-01-22 06:06:00,195,43,166,76.95384615384616,514,20906.964102564103,4076858,0.9025641025641026,0.07179487179487179,0.02564102564102564,0.0,0.0,140.71428571428572,0.9692307692307692,0.015384615384615385,0.0,0.015384615384615385,43
2019-01-22 06:07:00,298,56,259,62.46979865771812,419,23752.489932885906,7078242,0.9530201342281879,0.03355704697986577,0.013422818791946308,0.0,0.003355704697986577,148.21052631578948,0.9899328859060402,0.006711409395973154,0.0,0.003355704697986577,43
2019-01-22 06:08:00,218,37,196,91.72935779816514,433,28524.435779816515,6218327,0.963302752293578,0.03669724770642202,0.0,0.0,0.0,150.99065420560748,0.9908256880733946,0.009174311926605505,0.0,0.0,45
2019-01-22 06:09:00,316,40,267,75.57911392405063,445,20836.335443037973,6584282,0.939873417721519,0.04430379746835443,0.015822784810126583,0.0,0.0031645569620253164,118.125,0.9810126582278481,0.015822784810126583,0.0,0.0031645569620253164,49
2019-01-22 06:10:00,246,42,209,87.41463414634147,438,23535.735772357722,5789791,0.9471544715447154,0.032520325203252036,0.02032520325203252,0.0,0.0,97.55793991416309,0.9878048780487805,0.012195121951219513,0.0,0.0,37
2019-01-22 06:11:00,209,48,174,100.91866028708134,440,21182.569377990432,4427157,0.8708133971291866,0.07655502392344497,0.05263157894736842,0.0,0.004784688995215311,123.66666666666667,0.9521531100478469,0.04784688995215311,0.0,0.0,31
2019-01-22 06:12:00,378,44,287,70.18783068783068,440,18817.99470899471,7113202,0.9497354497354498,0.04497354497354497,0.005291005291005291,0.0,0.0,81.18801089918256,0.9973544973544973,0.0026455026455026454,0.0,0.0,92
2019-01-22 06:13:00,424,45,356,61.04481132075472,452,14627.698113207547,6202144,0.9575471698113207,0.03537735849056604,0.007075471698113208,0.0,0.0023584905660377358,97.95157384987894,0.9905660377358491,0.007075471698113208,0.0,0.0023584905660377358,123
2019-01-22 06:14:00,256,41,221,70.15625,445,24147.30078125,6181709,0.97265625,0.02734375,0.0,0.0,0.0,85.63524590163935,0.9921875,0.0078125,0.0,0.0,62
2019-01-22 06:15:00,321,35,289,50.17133956386293,426,16614.940809968848,5333396,0.9532710280373832,0.037383177570093455,0.009345794392523364,0.0,0.0,26.4,0.9906542056074766,0.009345794392523364,0.0,0.0,158
2019-01-22 06:16:00,436,43,327,59.9151376146789,419,16345.146788990825,7126484,0.9610091743119266,0.034403669724770644,0.0045871559633027525,0.0,0.0,36.65492957746479,0.9931192660550459,0.006880733944954129,0.0,0.0,210
2019-01-22 06:17:00,204,37,178,85.44607843137256,431,26449.519607843136,5395702,0.9558823529411765,0.03431372549019608,0.00980392156862745,0.0,0.0,72.73711340206185,0.9901960784313726,0.00980392156862745,0.0,0.0,43
2019-01-22 06:18:00,236,44,199,75.10169491525424,417,23811.25,5619455,0.9449152542372882,0.05084745762711865,0.00423728813559322,0.0,0.00423728813559322,57.63013698630137,0.9830508474576272,0.012711864406779662,0.0,0.00423728813559322,43
2019-01-22 06:19:00,318,44,287,53.827044025157235,452,15065.861635220126,4790944,0.9465408805031447,0.0440251572327044,0.009433962264150943,0.0,0.006289308176100629,94.35830618892508,0.9937106918238994,0.006289308176100629,0.0,0.0,130
2019-01-22 06:20:00,185,45,157,73.28108108108108,433,22954.356756756755,4246556,0.9081081081081082,0.08648648648648649,0.005405405405405406,0.0,0.005405405405405406,118.64204545454545,0.9837837837837838,0.016216216216216217,0.0,0.0,42
2019-01-22 06:21:00,397,52,324,49.53904282115869,452,16419.654911838792,6518603,0.9269521410579346,0.05037783375314862,0.022670025188916875,0.0,0.0,140.01033591731266,0.9924433249370277,0.007556675062972292,0.0,0.0,135
2019-01-22 06:22:00,220,45,186,54.554545454545455,430,24145.177272727273,5311939,0.9136363636363637,0.08181818181818182,0.004545454545454545,0.0,0.004545454545454545,51.83490566037736,0.9954545454545455,0.004545454545454545,0.0,0.0,42
2019-01-22 06:23:00,296,39,243,60.557432432432435,430,17841.817567567567,5281178,0.9290540540540541,0.07094594594594594,0.0,0.0,0.0033783783783783786,50.667844522968196,0.9898648648648649,0.006756756756756757,0.0,0.0033783783783783786,60
2019-01-22 06:24:00,315,41,255,52.0,437,17760.86349206349,5594672,0.9206349206349206,0.06666666666666667,0.012698412698412698,0.0,0.0031746031746031746,37.51827242524917,0.9936507936507937,0.006349206349206349,0.0,0.0,69
2019-01-22 06:25:00,225,44,170,73.36,452,20143.46222222222,4532279,0.8622222222222222,0.12,0.017777777777777778,0.0,0.0,152.545871559633,0.9866666666666667,0.013333333333333334,0.0,0.0,36
2019-01-22 06:26:00,193,42,167,71.60103626943005,428,25673.19689119171,4954927,0.917098445595855,0.07253886010362694,0.010362694300518135,0.0,0.0,164.47826086956522,0.9844559585492227,0.015544041450777202,0.0,0.0,35
2019-01-22 06:27:00,271,57,217,84.49077490774907,481,24465.39852398524,6630123,0.8708487084870848,0.05904059040590406,0.07011070110701106,0.0,0.0,130.24193548387098,0.996309963099631,0.0036900369003690036,0.0,0.0,43
2019-01-22 06:28:00,224,45,182,89.42857142857143,431,26850.96875,6014617,0.9017857142857143,0.07589285714285714,0.022321428571428572,0.0,0.004464285714285714,73.88151658767772,0.9910714285714286,0.008928571428571428,0.0,0.0,38
2019-01-22 06:29:00,250,57,208,83.664,677,26135.008,6533752,0.852,0.108,0.04,0.0,0.0,123.82203389830508,0.992,0.008,0.0,0.0,38
2019-01-22 06:30:00,452,45,366,63.45796460176991,432,18832.694690265485,8512378,0.915929203539823,0.061946902654867256,0.022123893805309734,0.0,0.0022123893805309734,48.633484162895925,0.9933628318584071,0.00663716814159292,0.0,0.0,95
2019-01-22 06:31:00,315,44,253,74.63492063492063,433,21905.044444444444,6900089,0.8539682539682539,0.0761904761904762,0.06984126984126984,0.0,0.0,95.05573770491803,0.9904761904761905,0.009523809523809525,0.0,0.0,56
2019-01-22 06:32:00,361,53,275,62.77562326869806,433,20296.116343490306,7326898,0.8670360110803325,0.09695290858725762,0.036011080332409975,0.0,0.0,138.2703488372093,0.997229916897507,0.002770083102493075,0.0,0.0,56
2019-01-22 06:33:00,331,55,270,69.26283987915407,434,18139.12688821752,6004051,0.879154078549849,0.06042296072507553,0.06042296072507553,0.0,0.006042296072507553,81.11320754716981,0.9939577039274925,0.006042296072507553,0.0,0.0,38
2019-01-22 06:34:00,219,48,175,82.00913242009132,426,19556.013698630137,4282767,0.867579908675799,0.091324200913242,0.0410958904109589,0.0,0.0045662100456621,119.2871287128713,0.9863013698630136,0.0091324200913242,0.0,0.0045662100456621,39
2019-01-22 06:35:00,314,42,253,67.59872611464968,430,16902.238853503186,5307303,0.8853503184713376,0.07961783439490445,0.03503184713375796,0.0,0.0,88.26421404682274,0.9904458598726115,0.009554140127388535,0.0,0.0,77
2019-01-22 06:36:00,275,68,216,67.07272727272728,434,22053.20727272727,6064632,0.8690909090909091,0.09818181818181818,0.03272727272727273,0.0,0.0,83.43621399176955,0.9890909090909091,0.01090909090909091,0.0,0.0,47
2019-01-22 06:37:00,320,48,255,76.271875,429,18663.95625,5972466,0.81875,0.115625,0.065625,0.0,0.00625,76.55483870967743,0.99375,0.00625,0.0,0.0,54
2019-01-22 06:38:00,374,55,262,71.02673796791444,430,20739.85561497326,7756706,0.8716577540106952,0.09893048128342247,0.029411764705882353,0.0,0.0053475935828877,76.10734463276836,0.9946524064171123,0.0053475935828877,0.0,0.0,54
2019-01-22 06:39:00,376,60,292,67.36702127659575,442,18476.882978723403,6947308,0.8909574468085106,0.06914893617021277,0.0398936170212766,0.0,0.0,89.75070028011204,0.9920212765957447,0.007978723404255319,0.0,0.0,64
2019-01-22 06:40:00,468,71,348,55.886752136752136,433,17991.529914529914,8420036,0.9188034188034188,0.038461538461538464,0.042735042735042736,0.0,0.004273504273504274,67.31724137931035,0.9914529914529915,0.008547008547008548,0.0,0.0,64
2019-01-22 06:41:00,283,52,236,74.84098939929329,430,20034.865724381627,5669867,0.8869257950530035,0.09187279151943463,0.02120141342756184,0.0,0.0035335689045936395,92.04166666666667,0.9893992932862191,0.01060070671378092,0.0,0.0,40
2019-01-22 06:42:00,312,54,216,65.52884615384616,433,17323.93269230769,5405067,0.8685897435897436,0.08333333333333333,0.04807692307692308,0.0,0.0,39.79794520547945,0.9935897435897436,0.00641025641025641,0.0,0.0,61
2019-01-22 06:43:00,475,58,341,51.654736842105265,433,14285.113684210526,6785429,0.9010526315789473,0.07157894736842105,0.02736842105263158,0.0,0.0,44.67763157894737,0.9873684210526316,0.00631578947368421,0.0,0.00631578947368421,108
2019-01-22 06:44:00,591,63,425,44.82910321489002,426,14456.091370558375,8543550,0.8629441624365483,0.08629441624365482,0.050761421319796954,0.0,0.0,34.386925795053,0.988155668358714,0.00338409475465313,0.0,0.008460236886632826,97
2019-01-22 06:45:00,324,60,265,46.94135802469136,407,14091.99074074074,4565805,0.8518518518518519,0.11728395061728394,0.030864197530864196,0.0,0.0,126.66666666666667,0.9907407407407407,0.009259259259259259,0.0,0.0,83
2019-01-22 06:46:00,329,60,251,53.70820668693009,765,17546.562310030396,5772819,0.8753799392097265,0.1033434650455927,0.02127659574468085,0.0,0.0,130.29968454258676,0.9908814589665653,0.00911854103343465,0.0,0.0,42
2019-01-22 06:47:00,278,49,204,52.96762589928058,407,18118.474820143885,5036936,0.8705035971223022,0.10431654676258993,0.025179856115107913,0.0,0.0,173.55984555984557,0.9964028776978417,0.0035971223021582736,0.0,0.0,39
2019-01-22 06:48:00,240,54,197,68.8,422,19746.579166666666,4739179,0.875,0.10416666666666667,0.020833333333333332,0.0,0.016666666666666666,140.21333333333334,0.9916666666666667,0.008333333333333333,0.0,0.0,36
2019-01-22 06:49:00,332,60,245,68.33132530120481,525,18392.310240963856,6106247,0.9096385542168675,0.08734939759036145,0.0030120481927710845,0.0,0.0,73.85806451612903,0.9939759036144579,0.006024096385542169,0.0,0.0,49
2019-01-22 06:50:00,291,54,228,64.06872852233677,439,17480.917525773195,5086947,0.9175257731958762,0.07903780068728522,0.003436426116838488,0.0,0.003436426116838488,109.90036900369003,0.9896907216494846,0.010309278350515464,0.0,0.0,65
2019-01-22 06:51:00,317,56,267,53.15141955835962,400,15643.236593059937,4958906,0.8706624605678234,0.11041009463722397,0.01892744479495268,0.0,0.0,76.59797297297297,0.9936908517350158,0.0031545741324921135,0.0,0.0031545741324921135,88
2019-01-22 06:52:00,351,56,291,53.45014245014245,359,18525.911680911682,6502595,0.9173789173789174,0.07692307692307693,0.005698005698005698,0.0,0.0,116.69760479041916,0.9943019943019943,0.002849002849002849,0.0,0.002849002849002849,57
2019-01-22 06:53:00,694,59,476,44.69740634005764,425,12758.080691642652,8854108,0.9380403458213257,0.053314121037463975,0.008645533141210375,0.0,0.005763688760806916,48.52238805970149,0.9899135446685879,0.002881844380403458,0.0,0.007204610951008645,133
2019-01-22 06:54:00,456,74,370,51.00657894736842,489,16545.625,7544805,0.9451754385964912,0.041666666666666664,0.013157894736842105,0.0,0.0,72.24009324009324,0.9846491228070176,0.0043859649122807015,0.0,0.010964912280701754,77
2019-01-22 06:55:00,337,66,234,52.34421364985163,426,14746.225519287835,4969478,0.887240356083086,0.08902077151335312,0.02373887240356083,0.0,0.0,93.5673076923077,0.9910979228486647,0.008902077151335312,0.0,0.0,37
2019-01-22 06:56:00,452,64,338,43.65929203539823,425,13647.241150442478,6168553,0.911504424778761,0.07964601769911504,0.008849557522123894,0.0,0.0,58.53472222222222,0.9823008849557522,0.008849557522123894,0.0,0.008849557522123894,71
2019-01-22 06:57:00,456,65,355,52.16885964912281,439,15304.611842105263,6978903,0.8859649122807017,0.07017543859649122,0.043859649122807015,0.0,0.0,52.837528604118994,0.9956140350877193,0.0021929824561403508,0.0,0.0021929824561403508,102
2019-01-22 06:58:00,211,52,165,81.4691943127962,434,20498.644549763034,4325214,0.8341232227488151,0.0947867298578199,0.07109004739336493,0.0,0.0,78.5561224489796,0.985781990521327,0.009478672985781991,0.0,0.004739336492890996,35
2019-01-22 06:59:00,386,60,300,74.20466321243524,688,18915.76165803109,7301484,0.9352331606217616,0.03367875647668394,0.031088082901554404,0.0,0.0,71.15151515151516,0.9948186528497409,0.0051813471502590676,0.0,0.0,40
2019-01-22 07:00:00,414,72,318,67.89371980676329,446,20882.04106280193,8645165,0.9082125603864735,0.06521739130434782,0.026570048309178744,0.0,0.0,131.6253164556962,0.9879227053140096,0.00966183574879227,0.0,0.0024154589371980675,62
2019-01-22 07:01:00,350,59,252,57.628571428571426,452,15929.497142857143,5575324,0.8514285714285714,0.14,0.008571428571428572,0.0,0.002857142857142857,77.2078313253012,0.9885714285714285,0.011428571428571429,0.0,0.0,49
2019-01-22 07:02:00,529,69,383,50.99054820415879,452,16113.844990548205,8524224,0.9017013232514177,0.0831758034026465,0.015122873345935728,0.0,0.0,64.62007874015748,0.994328922495274,0.005671077504725898,0.0,0.0,79
2019-01-22 07:03:00,565,63,437,54.7787610619469,459,15262.322123893806,8623212,0.9292035398230089,0.07079646017699115,0.0,0.0,0.0,28.539594843462247,0.9964601769911504,0.0035398230088495575,0.0,0.0,71
2019-01-22 07:04:00,589,63,460,46.66213921901528,459,12984.983022071307,7648155,0.9219015280135824,0.07130730050933787,0.006791171477079796,0.0,0.0,58.03697183098591,0.9949066213921901,0.0050933786078098476,0.0,0.0,79
2019-01-22 07:05:00,606,83,410,45.867986798679866,459,16061.427392739273,9733225,0.9191419141914191,0.07425742574257425,0.006600660066006601,0.0,0.0016501650165016502,56.97038327526133,0.995049504950495,0.0049504950495049506,0.0,0.0,64
2019-01-22 07:06:00,357,75,276,67.3921568627451,459,19552.621848739494,6980286,0.8823529411764706,0.10644257703081232,0.011204481792717087,0.0,0.0028011204481792717,101.61144578313252,0.9915966386554622,0.008403361344537815,0.0,0.0,48
2019-01-22 07:07:00,603,67,476,49.401326699834165,459,15173.330016583748,9149518,0.9469320066334992,0.04643449419568822,0.006633499170812604,0.0,0.0,57.117747440273035,0.988391376451078,0.001658374792703151,0.001658374792703151,0.008291873963515755,122
2019-01-22 07:08:00,359,50,282,65.48467966573816,459,15980.935933147632,5737156,0.8941504178272981,0.09192200557103064,0.013927576601671309,0.0,0.0,93.40579710144928,0.9777158774373259,0.005571030640668524,0.0,0.016713091922005572,58
2019-01-22 07:09:00,450,55,329,56.73555555555556,445,15866.524444444445,7139936,0.9288888888888889,0.06444444444444444,0.006666666666666667,0.0,0.0,32.145785876993166,0.9866666666666667,0.008888888888888889,0.0,0.0044444444444444444,66
2019-01-22 07:10:00,620,73,450,42.04677419354839,453,14019.243548387096,8691931,0.9419354838709677,0.056451612903225805,0.0016129032258064516,0.0,0.0,67.64141414141415,0.9935483870967742,0.004838709677419355,0.0,0.0016129032258064516,83
2019-01-22 07:11:00,892,73,648,40.97757847533632,535,12324.849775784753,10993766,0.9562780269058296,0.03699551569506727,0.006726457399103139,0.0,0.0,40.56041426927503,0.992152466367713,0.0033632286995515697,0.0,0.004484304932735426,106
2019-01-22 07:12:00,446,72,363,56.62331838565022,452,16780.578475336322,7484138,0.9237668161434978,0.05829596412556054,0.017937219730941704,0.0,0.004484304932735426,107.66587677725119,0.984304932735426,0.002242152466367713,0.0,0.013452914798206279,95
2019-01-22 07:13:00,407,74,309,50.04914004914005,445,13926.982800982802,5668282,0.9287469287469288,0.06388206388206388,0.007371007371007371,0.0,0.007371007371007371,80.03208556149733,0.9705159705159705,0.004914004914004914,0.0,0.02457002457002457,49
2019-01-22 07:14:00,328,60,274,61.048780487804876,453,16399.625,5379077,0.9207317073170732,0.07926829268292683,0.0,0.0,0.0,76.65495207667732,0.9878048780487805,0.006097560975609756,0.0,0.006097560975609756,45
2019-01-22 07:15:00,362,67,278,56.34254143646409,453,17206.406077348067,6228719,0.9447513812154696,0.052486187845303865,0.0027624309392265192,0.0,0.0,16.25602409638554,0.9917127071823204,0.0055248618784530384,0.0,0.0027624309392265192,64
2019-01-22 07:16:00,340,52,279,55.491176470588236,446,18077.629411764705,6146394,0.9470588235294117,0.05,0.0029411764705882353,0.0,0.0,61.56666666666667,0.9823529411764705,0.008823529411764706,0.0,0.008823529411764706,46
2019-01-22 07:17:00,304,63,213,64.0625,458,19650.167763157893,5973651,0.9638157894736842,0.03289473684210526,0.003289473684210526,0.0,0.0,96.54063604240282,0.9868421052631579,0.006578947368421052,0.0,0.006578947368421052,33
2019-01-22 07:18:00,451,65,341,58.98226164079823,446,17872.9800443459,8060714,0.9512195121951219,0.037694013303769404,0.011086474501108648,0.0,0.0,53.93735498839907,0.9889135254988913,0.0066518847006651885,0.0,0.004434589800443459,54
2019-01-22 07:19:00,571,78,415,47.62697022767075,465,13014.800350262696,7431451,0.9562171628721541,0.0297723292469352,0.014010507880910683,0.0,0.0017513134851138354,64.8040293040293,0.9842381786339754,0.0035026269702276708,0.0,0.012259194395796848,88
2019-01-22 07:20:00,794,69,512,41.84508816120907,467,14574.23299748111,11571941,0.9357682619647355,0.04659949622166247,0.017632241813602016,0.0,0.0012594458438287153,50.97150259067357,0.9886649874055415,0.005037783375314861,0.0,0.006297229219143577,163
2019-01-22 07:21:00,725,79,488,41.06758620689655,447,17935.255172413792,13003060,0.9586206896551724,0.030344827586206897,0.011034482758620689,0.0,0.001379310344827586,26.473684210526315,0.9944827586206897,0.005517241379310344,0.0,0.0,124
2019-01-22 07:22:00,815,69,607,37.63435582822086,327,15121.25398773006,12323822,0.9558282208588957,0.03680981595092025,0.007361963190184049,0.0,0.0,34.64267676767677,0.9938650306748467,0.001226993865030675,0.001226993865030675,0.0036809815950920245,142
2019-01-22 07:23:00,585,89,448,47.71452991452991,467,15389.478632478633,9002845,0.9538461538461539,0.042735042735042736,0.003418803418803419,0.0,0.0,104.75768535262206,0.9863247863247864,0.003418803418803419,0.0,0.010256410256410256,49
2019-01-22 07:24:00,822,78,588,49.867396593673966,467,15322.15085158151,12594808,0.9343065693430657,0.04866180048661801,0.0170316301703163,0.0,0.0012165450121654502,57.7825,0.9927007299270073,0.0024330900243309003,0.0,0.004866180048661801,107
2019-01-22 07:25:00,1004,85,774,43.407370517928285,467,12213.561752988047,12262416,0.952191235059761,0.02091633466135458,0.026892430278884463,0.0,0.00199203187250996,14.387396694214877,0.9940239043824701,0.00398406374501992,0.0,0.00199203187250996,229
2019-01-22 07:26:00,493,78,371,61.77079107505071,459,15865.156186612576,7821522,0.9310344827586207,0.04462474645030426,0.02434077079107505,0.0,0.0,46.43991416309013,0.9878296146044625,0.006085192697768763,0.0,0.006085192697768763,52
2019-01-22 07:27:00,901,86,620,41.38401775804662,474,13690.172031076581,12334845,0.9522752497225305,0.026637069922308545,0.021087680355160933,0.0,0.0,22.858131487889274,0.9933407325194229,0.003329633740288568,0.0,0.003329633740288568,88
2019-01-22 07:28:00,899,93,660,43.50055617352614,458,13024.692992213571,11709199,0.9632925472747497,0.026696329254727477,0.010011123470522803,0.0,0.0011123470522803114,45.747126436781606,0.9877641824249166,0.004449388209121246,0.0,0.00778642936596218,217
2019-01-22 07:29:00,835,89,579,44.795209580838325,662,14909.651497005989,12449559,0.9520958083832335,0.037125748502994015,0.010778443113772455,0.0,0.0023952095808383233,26.107231920199503,0.9784431137724551,0.004790419161676647,0.0,0.016766467065868262,82
2019-01-22 07:30:00,902,90,578,44.007760532150776,474,14604.066518847007,13172868,0.9323725055432373,0.03547671840354767,0.03215077605321508,0.0,0.0,35.41426927502877,0.9811529933481153,0.007760532150776054,0.0,0.011086474501108648,82
2019-01-22 07:31:00,912,94,575,39.44188596491228,466,13027.766447368422,11881323,0.9484649122807017,0.039473684210526314,0.01206140350877193,0.0,0.0,35.68187001140251,0.9901315789473685,0.005482456140350877,0.0,0.0043859649122807015,83
2019-01-22 07:32:00,1185,92,762,42.49029535864979,466,13045.845569620253,15459327,0.9324894514767933,0.05147679324894515,0.016033755274261603,0.0,0.0,30.481352992194275,0.9890295358649789,0.002531645569620253,0.0,0.008438818565400843,206
2019-01-22 07:33:00,556,72,417,48.868705035971225,451,14795.730215827338,8226426,0.9118705035971223,0.06474820143884892,0.023381294964028777,0.0,0.0035971223021582736,81.77695167286245,0.9802158273381295,0.00539568345323741,0.0,0.014388489208633094,67
2019-01-22 07:34:00,616,70,399,48.439935064935064,610,16595.285714285714,10222696,0.9090909090909091,0.06168831168831169,0.02922077922077922,0.0,0.0,36.95093062605753,0.9837662337662337,0.008116883116883116,0.0,0.008116883116883116,112
2019-01-22 07:35:00,822,84,633,47.228710462287104,610,14033.84306569343,11535819,0.9257907542579076,0.06447688564476886,0.009732360097323601,0.0,0.0,53.172284644194754,0.9914841849148418,0.0012165450121654502,0.0,0.0072992700729927005,240
2019-01-22 07:36:00,831,92,556,48.76654632972323,466,13163.216606498196,10938633,0.941034897713598,0.044524669073405534,0.01444043321299639,0.0,0.0012033694344163659,27.38529784537389,0.9891696750902527,0.0048134777376654635,0.0,0.006016847172081829,110
2019-01-22 07:37:00,886,90,573,44.387133182844245,466,13309.268623024831,11792012,0.917607223476298,0.05981941309255079,0.022573363431151242,0.0,0.002257336343115124,43.47957992998833,0.9571106094808126,0.002257336343115124,0.0,0.040632054176072234,84
2019-01-22 07:38:00,1250,82,797,38.1576,459,10323.2432,12904054,0.9608,0.0336,0.0056,0.0,0.0024,29.248366013071895,0.9776,0.0024,0.0,0.02,267
2019-01-22 07:39:00,820,85,629,40.1280487804878,454,9827.121951219513,8058240,0.9182926829268293,0.05853658536585366,0.023170731707317073,0.0,0.0024390243902439024,21.80706179066835,0.9841463414634146,0.0,0.0,0.015853658536585366,124
2019-01-22 07:40:00,927,75,579,40.54692556634304,446,14141.973031283711,13109609,0.9374325782092773,0.04854368932038835,0.014023732470334413,0.0,0.0,15.773033707865169,0.9881337648327939,0.002157497303128371,0.0,0.009708737864077669,126
2019-01-22 07:41:00,1066,94,674,35.650093808630395,403,10989.053470919325,11714331,0.9315196998123827,0.06378986866791744,0.004690431519699813,0.0,0.0,15.357073170731708,0.9784240150093808,0.0028142589118198874,0.0,0.01876172607879925,116
2019-01-22 07:42:00,1188,113,785,35.68518518518518,425,11015.994107744107,13087001,0.9402356902356902,0.05555555555555555,0.004208754208754209,0.0,0.0,31.92970123022847,0.984006734006734,0.005892255892255892,0.0,0.010101010101010102,207
2019-01-22 07:43:00,981,97,570,37.40468909276249,453,12321.911314984709,12087795,0.9306829765545361,0.06116207951070336,0.00815494393476045,0.0,0.0010193679918450561,29.810326659641728,0.9898063200815495,0.004077471967380225,0.0,0.0061162079510703364,137
2019-01-22 07:44:00,979,104,709,39.764044943820224,453,12603.740551583249,12339062,0.9284984678243106,0.054136874361593465,0.01634320735444331,0.0010214504596527069,0.0,30.440514469453376,0.9979570990806946,0.0,0.0,0.0020429009193054137,131
2019-01-22 07:45:00,1100,98,772,37.10454545454545,446,10976.870909090909,12074558,0.9336363636363636,0.05818181818181818,0.008181818181818182,0.0,0.0,82.34018691588786,0.99,0.0009090909090909091,0.0,0.00909090909090909,122
2019-01-22 07:46:00,712,110,460,37.92134831460674,444,12992.6952247191,9250799,0.8960674157303371,0.09410112359550561,0.009831460674157303,0.0,0.0,35.791111111111114,0.976123595505618,0.0028089887640449437,0.0,0.021067415730337078,94
2019-01-22 07:47:00,1075,100,634,32.89209302325581,444,11886.493953488372,12777981,0.9209302325581395,0.07441860465116279,0.004651162790697674,0.0,0.0009302325581395349,34.95397890699904,0.9711627906976744,0.0018604651162790699,0.0,0.026976744186046512,110
2019-01-22 07:48:00,1092,123,692,39.532051282051285,453,12324.939560439561,13458834,0.9395604395604396,0.056776556776556776,0.003663003663003663,0.0,0.0,57.32730732635585,0.989010989010989,0.0018315018315018315,0.0,0.009157509157509158,136
2019-01-22 07:49:00,950,94,657,37.52736842105263,453,11093.017894736842,10538367,0.9294736842105263,0.05789473684210526,0.01263157894736842,0.0,0.0,18.397170837867247,0.9894736842105263,0.003157894736842105,0.0,0.007368421052631579,167
2019-01-22 07:50:00,1022,113,605,37.705479452054796,451,14720.062622309199,15043904,0.9383561643835616,0.04892367906066536,0.012720156555772993,0.0,0.0009784735812133072,37.14852492370295,0.9784735812133072,0.005870841487279843,0.0,0.015655577299412915,61
2019-01-22 07:51:00,1082,89,747,31.849353049907577,436,12239.269870609982,13242890,0.944547134935305,0.036968576709796676,0.018484288354898338,0.0,0.0,17.418095238095237,0.9833641404805915,0.0027726432532347504,0.0,0.013863216266173753,176
2019-01-22 07:52:00,1801,109,1101,31.29705719044975,453,10040.727928928372,18083351,0.9350360910605219,0.03720155469183787,0.0277623542476402,0.0,0.0,23.40478905359179,0.9927817878956136,0.001665741254858412,0.0,0.00555247084952804,213
2019-01-22 07:53:00,1651,109,1036,34.0526953361599,433,10647.571168988492,17579140,0.9600242277407631,0.026650514839491216,0.013325257419745608,0.0,0.0,27.580124223602486,0.9860690490611751,0.0030284675953967293,0.0,0.010902483343428226,187
2019-01-22 07:54:00,1025,111,719,43.92780487804878,466,12365.941463414634,12675090,0.937560975609756,0.04975609756097561,0.012682926829268294,0.0,0.0,34.75508130081301,0.9834146341463414,0.003902439024390244,0.0,0.012682926829268294,94
2019-01-22 07:55:00,1195,98,810,46.086192468619245,459,15182.099581589959,18142609,0.9481171548117154,0.04435146443514645,0.007531380753138075,0.0,0.0008368200836820083,15.460207612456747,0.9832635983263598,0.0016736401673640166,0.0,0.01506276150627615,164
2019-01-22 07:56:00,1052,104,780,46.417300380228134,460,11659.834600760456,12266146,0.9638783269961977,0.028517110266159697,0.0076045627376425855,0.0,0.0,70.10392156862746,0.9819391634980988,0.004752851711026616,0.0,0.013307984790874524,77
2019-01-22 07:57:00,1027,96,707,43.69717624148004,445,13277.648490749756,13636145,0.9581304771178188,0.034079844206426485,0.007789678675754625,0.0,0.0,44.13925327951564,0.9863680623174295,0.0038948393378773127,0.0,0.009737098344693282,147
2019-01-22 07:58:00,459,82,317,57.485838779956424,466,15231.734204793029,6991366,0.906318082788671,0.0718954248366013,0.02178649237472767,0.0,0.004357298474945534,47.61971830985915,0.9956427015250545,0.004357298474945534,0.0,0.0,61
2019-01-22 07:59:00,885,81,626,41.829378531073445,453,14100.227118644068,12478701,0.9502824858757062,0.04180790960451977,0.007909604519774011,0.0,0.0,16.637426900584796,0.9864406779661017,0.0011299435028248588,0.0,0.012429378531073447,110
2019-01-22 08:00:00,1227,89,716,38.768541157294216,467,14223.677261613691,17452452,0.9494702526487367,0.040749796251018745,0.009779951100244499,0.0,0.0008149959250203749,7.467619848612279,0.986960065199674,0.0,0.0,0.013039934800325998,94
2019-01-22 08:01:00,978,80,635,36.464212678936605,588,11831.775051124745,11571476,0.9529652351738241,0.034764826175869123,0.012269938650306749,0.0,0.0010224948875255625,13.432033719704952,0.983640081799591,0.005112474437627812,0.0,0.011247443762781187,163
