window_start,requests_per_window,unique_ip_count,unique_url_count,avg_url_length,max_url_length,avg_response_bytes,total_response_bytes,status_2xx_ratio,status_3xx_ratio,status_4xx_ratio,status_5xx_ratio,suspicious_uri_ratio,avg_request_interval_sec,method_ratio_GET,method_ratio_HEAD,method_ratio_OTHER,method_ratio_POST,max_requests_single_ip,label_reason,weak_label
2019-01-22 05:09:00,243,44,193,70.81893004115226,483,21348.22633744856,5187619,0.9176954732510288,0.0493827160493827,0.0329218106995884,0.0,0.0,65.72457627118644,0.9670781893004116,0.0082304526748971,0.0,0.0246913580246913,40,none,Normal
2019-01-22 05:12:00,169,41,137,83.57396449704142,436,26990.59171597633,4561410,0.7869822485207101,0.2011834319526627,0.0118343195266272,0.0,0.0,98.09146341463416,1.0,0.0,0.0,0.0,44,none,Normal
2019-01-22 07:40:00,927,75,579,40.54692556634304,446,14141.973031283713,13109609,0.9374325782092772,0.0485436893203883,0.0140237324703344,0.0,0.0,15.773033707865167,0.988133764832794,0.0021574973031283,0.0,0.0097087378640776,126,none,Normal
2019-01-22 04:17:00,192,38,167,87.35416666666667,459,19569.494791666668,3757343,0.875,0.0625,0.0625,0.0,0.0,26.06779661016949,0.984375,0.015625,0.0,0.0,38,R5_high_4xx_scan,Anomaly
2019-01-22 05:52:00,241,39,208,66.30705394190872,438,20188.792531120333,4865499,0.941908713692946,0.0456431535269709,0.0124481327800829,0.0,0.0041493775933609,103.2543103448276,0.991701244813278,0.0082987551867219,0.0,0.0,34,none,Normal
2019-01-22 06:33:00,331,55,270,69.26283987915407,434,18139.12688821752,6004051,0.879154078549849,0.0604229607250755,0.0604229607250755,0.0,0.0060422960725075,81.11320754716981,0.9939577039274924,0.0060422960725075,0.0,0.0,38,R5_high_4xx_scan,Anomaly
2019-01-22 06:32:00,361,53,275,62.77562326869806,433,20296.116343490303,7326898,0.8670360110803325,0.0969529085872576,0.0360110803324099,0.0,0.0,138.2703488372093,0.997229916897507,0.002770083102493,0.0,0.0,56,none,Normal
2019-01-22 04:08:00,238,37,204,143.7731092436975,639,25732.10084033613,6124240,0.9201680672268908,0.0798319327731092,0.0,0.0,0.0,12.114155251141552,1.0,0.0,0.0,0.0,74,none,Normal
2019-01-22 04:27:00,136,36,114,95.63235294117646,469,25911.647058823528,3523984,0.8602941176470589,0.1102941176470588,0.0294117647058823,0.0,0.0,23.272727272727277,1.0,0.0,0.0,0.0,29,none,Normal
2019-01-22 07:13:00,407,74,309,50.04914004914005,445,13926.982800982802,5668282,0.9287469287469288,0.0638820638820638,0.0073710073710073,0.0,0.0073710073710073,80.03208556149733,0.9705159705159704,0.0049140049140049,0.0,0.0245700245700245,49,none,Normal
2019-01-22 07:12:00,446,72,363,56.62331838565022,452,16780.578475336322,7484138,0.9237668161434978,0.0582959641255605,0.0179372197309417,0.0,0.0044843049327354,107.6658767772512,0.984304932735426,0.0022421524663677,0.0,0.0134529147982062,95,none,Normal
2019-01-22 05:32:00,266,36,216,71.13533834586467,504,20704.4022556391,5507371,0.8834586466165414,0.075187969924812,0.0413533834586466,0.0,0.0,88.83333333333333,0.9887218045112782,0.0112781954887218,0.0,0.0,35,none,Normal
2019-01-22 07:21:00,725,79,488,41.06758620689655,447,17935.255172413792,13003060,0.9586206896551724,0.0303448275862068,0.0110344827586206,0.0,0.0013793103448275,26.473684210526315,0.9944827586206896,0.0055172413793103,0.0,0.0,124,none,Normal
2019-01-22 04:59:00,190,51,171,70.76315789473684,497,24250.836842105266,4607659,0.8631578947368421,0.1210526315789473,0.0157894736842105,0.0,0.0,189.46067415730337,0.9894736842105264,0.0105263157894736,0.0,0.0,59,none,Normal
2019-01-22 07:46:00,712,110,460,37.92134831460674,444,12992.6952247191,9250799,0.8960674157303371,0.0941011235955056,0.0098314606741573,0.0,0.0,35.791111111111114,0.976123595505618,0.0028089887640449,0.0,0.021067415730337,94,none,Normal
2019-01-22 07:05:00,606,83,410,45.867986798679866,459,16061.427392739271,9733225,0.9191419141914192,0.0742574257425742,0.0066006600660066,0.0,0.0016501650165016,56.97038327526133,0.995049504950495,0.0049504950495049,0.0,0.0,64,none,Normal
2019-01-22 05:49:00,252,40,211,69.27380952380952,654,24883.3253968254,6270598,0.9246031746031746,0.0674603174603174,0.0079365079365079,0.0,0.0,64.33064516129032,0.992063492063492,0.0079365079365079,0.0,0.0,32,none,Normal
2019-01-22 04:33:00,314,42,262,76.10509554140127,474,23202.684713375795,7285643,0.910828025477707,0.0445859872611464,0.0445859872611464,0.0,0.0,44.13815789473684,0.9840764331210192,0.0159235668789808,0.0,0.0,94,none,Normal
2019-01-22 04:41:00,240,38,203,78.0875,495,22140.9875,5313837,0.8916666666666667,0.0958333333333333,0.0125,0.0,0.0041666666666666,47.05194805194805,0.9875,0.0125,0.0,0.0,53,none,Normal
2019-01-22 07:52:00,1801,109,1101,31.29705719044975,453,10040.727928928372,18083351,0.935036091060522,0.0372015546918378,0.0277623542476402,0.0,0.0,23.40478905359179,0.9927817878956136,0.0016657412548584,0.0,0.005552470849528,213,R2_high_request_rate;R3_single_ip_flood,Anomaly
2019-01-22 05:22:00,331,43,259,54.5619335347432,488,18309.16314199396,6060333,0.9395770392749244,0.0483383685800604,0.0120845921450151,0.0,0.0030211480362537,23.01851851851852,0.9879154078549848,0.0120845921450151,0.0,0.0,134,none,Normal
2019-01-22 07:02:00,529,69,383,50.99054820415879,452,16113.844990548205,8524224,0.9017013232514176,0.0831758034026465,0.0151228733459357,0.0,0.0,64.62007874015748,0.994328922495274,0.0056710775047258,0.0,0.0,79,none,Normal
2019-01-22 04:45:00,350,41,282,53.12285714285714,644,13779.294285714286,4822753,0.8485714285714285,0.12,0.0314285714285714,0.0,0.0028571428571428,33.54782608695652,0.9742857142857144,0.0257142857142857,0.0,0.0,89,none,Normal
2019-01-22 05:57:00,276,48,232,67.82246376811594,422,21294.036231884056,5877154,0.9239130434782608,0.0615942028985507,0.0144927536231884,0.0,0.0036231884057971,120.38076923076925,0.9963768115942028,0.0036231884057971,0.0,0.0,42,none,Normal
2019-01-22 07:15:00,362,67,278,56.34254143646409,453,17206.406077348067,6228719,0.9447513812154696,0.0524861878453038,0.0027624309392265,0.0,0.0,16.25602409638554,0.9917127071823204,0.005524861878453,0.0,0.0027624309392265,64,none,Normal
2019-01-22 07:53:00,1651,109,1036,34.0526953361599,433,10647.571168988492,17579140,0.9600242277407632,0.0266505148394912,0.0133252574197456,0.0,0.0,27.58012422360249,0.9860690490611752,0.0030284675953967,0.0,0.0109024833434282,187,R2_high_request_rate;R3_single_ip_flood,Anomaly
2019-01-22 06:43:00,475,58,341,51.65473684210527,433,14285.113684210526,6785429,0.9010526315789472,0.071578947368421,0.0273684210526315,0.0,0.0,44.67763157894737,0.9873684210526316,0.0063157894736842,0.0,0.0063157894736842,108,none,Normal
2019-01-22 04:57:00,206,31,185,82.95631067961165,408,22497.80582524272,4634548,0.9320388349514565,0.0679611650485436,0.0,0.0,0.0,31.787128712871286,1.0,0.0,0.0,0.0,45,none,Normal
2019-01-22 05:33:00,286,43,212,74.25174825174825,450,23750.552447552447,6792658,0.9090909090909092,0.0314685314685314,0.0594405594405594,0.0,0.0,77.7589928057554,0.993006993006993,0.0069930069930069,0.0,0.0,48,none,Normal
2019-01-22 06:27:00,271,57,217,84.49077490774907,481,24465.39852398524,6630123,0.8708487084870848,0.059040590405904,0.070110701107011,0.0,0.0,130.24193548387098,0.996309963099631,0.003690036900369,0.0,0.0,43,R5_high_4xx_scan,Anomaly
2019-01-22 04:15:00,266,47,207,71.1015037593985,453,27565.93233082707,7332538,0.924812030075188,0.0601503759398496,0.0150375939849624,0.0,0.0,31.124,0.962406015037594,0.037593984962406,0.0,0.0,42,none,Normal
2019-01-22 07:01:00,350,59,252,57.62857142857143,452,15929.497142857144,5575324,0.8514285714285714,0.14,0.0085714285714285,0.0,0.0028571428571428,77.2078313253012,0.9885714285714284,0.0114285714285714,0.0,0.0,49,none,Normal
2019-01-22 04:19:00,315,38,258,67.97460317460317,447,16680.99365079365,5254513,0.9174603174603174,0.0603174603174603,0.0222222222222222,0.0,0.0,15.174342105263158,0.9904761904761904,0.0095238095238095,0.0,0.0,70,none,Normal
2019-01-22 06:47:00,278,49,204,52.96762589928058,407,18118.474820143885,5036936,0.8705035971223022,0.1043165467625899,0.0251798561151079,0.0,0.0,173.55984555984557,0.9964028776978416,0.0035971223021582,0.0,0.0,39,none,Normal
2019-01-22 05:50:00,232,49,201,71.83620689655173,462,24689.133620689656,5727879,0.9353448275862069,0.0560344827586206,0.0086206896551724,0.0,0.0043103448275862,149.69724770642202,0.9870689655172412,0.0129310344827586,0.0,0.0,32,none,Normal
2019-01-22 05:43:00,467,33,350,55.74304068522484,433,15717.47965738758,7340063,0.9079229122055674,0.0792291220556745,0.012847965738758,0.0,0.0,40.91973969631236,0.9957173447537472,0.0042826552462526,0.0,0.0,92,none,Normal
2019-01-22 05:05:00,249,45,215,75.09236947791165,504,20362.128514056225,5070170,0.9196787148594378,0.0602409638554216,0.0200803212851405,0.0,0.0,126.04545454545456,0.9598393574297188,0.0281124497991967,0.0,0.0120481927710843,48,none,Normal
2019-01-22 06:36:00,275,68,216,67.07272727272728,434,22053.20727272727,6064632,0.8690909090909091,0.0981818181818181,0.0327272727272727,0.0,0.0,83.43621399176955,0.9890909090909092,0.0109090909090909,0.0,0.0,47,none,Normal
2019-01-22 07:22:00,815,69,607,37.63435582822086,327,15121.25398773006,12323822,0.9558282208588956,0.0368098159509202,0.007361963190184,0.0,0.0,34.64267676767677,0.9938650306748468,0.0012269938650306,0.0012269938650306,0.003680981595092,142,none,Normal
2019-01-22 07:48:00,1092,123,692,39.532051282051285,453,12324.93956043956,13458834,0.9395604395604396,0.0567765567765567,0.0036630036630036,0.0,0.0,57.32730732635585,0.989010989010989,0.0018315018315018,0.0,0.0091575091575091,136,R2_high_request_rate,Anomaly
2019-01-22 06:17:00,204,37,178,85.44607843137256,431,26449.519607843136,5395702,0.9558823529411764,0.034313725490196,0.0098039215686274,0.0,0.0,72.73711340206185,0.9901960784313726,0.0098039215686274,0.0,0.0,43,none,Normal
2019-01-22 06:08:00,218,37,196,91.72935779816514,433,28524.435779816515,6218327,0.963302752293578,0.036697247706422,0.0,0.0,0.0,150.99065420560748,0.9908256880733946,0.0091743119266055,0.0,0.0,45,none,Normal
2019-01-22 06:41:00,283,52,236,74.84098939929329,430,20034.865724381627,5669867,0.8869257950530035,0.0918727915194346,0.0212014134275618,0.0,0.0035335689045936,92.04166666666669,0.9893992932862192,0.0106007067137809,0.0,0.0,40,none,Normal
2019-01-22 05:39:00,281,39,251,87.37722419928825,496,25317.085409252668,7114101,0.9395017793594306,0.0427046263345195,0.0177935943060498,0.0,0.0,108.9084249084249,0.99288256227758,0.0071174377224199,0.0,0.0,57,none,Normal
2019-01-22 05:42:00,225,38,197,98.52,489,22370.782222222224,5033426,0.9022222222222224,0.0755555555555555,0.0222222222222222,0.0,0.0,137.78995433789953,0.9911111111111112,0.0088888888888888,0.0,0.0,44,none,Normal
2019-01-22 05:17:00,149,36,116,80.96644295302013,526,26033.28187919463,3878959,0.7986577181208053,0.2013422818791946,0.0,0.0,0.0,51.4551724137931,0.9798657718120806,0.0201342281879194,0.0,0.0,26,none,Normal
2019-01-22 05:56:00,245,34,215,65.29795918367347,437,18136.17959183673,4443364,0.9020408163265308,0.0775510204081632,0.0204081632653061,0.0,0.0040816326530612,115.5,0.979591836734694,0.0204081632653061,0.0,0.0,70,none,Normal
2019-01-22 06:54:00,456,74,370,51.00657894736842,489,16545.625,7544805,0.9451754385964912,0.0416666666666666,0.0131578947368421,0.0,0.0,72.24009324009324,0.9846491228070176,0.0043859649122807,0.0,0.0109649122807017,77,none,Normal
2019-01-22 04:40:00,345,43,283,69.5768115942029,481,19096.646376811597,6588343,0.881159420289855,0.1072463768115942,0.0115942028985507,0.0,0.0,52.95238095238095,0.9652173913043478,0.0318840579710144,0.0,0.0028985507246376,77,none,Normal
2019-01-22 06:44:00,591,63,425,44.82910321489002,426,14456.091370558375,8543550,0.8629441624365483,0.0862944162436548,0.0507614213197969,0.0,0.0,34.386925795053,0.988155668358714,0.0033840947546531,0.0,0.0084602368866328,97,none,Normal
2019-01-22 06:04:00,279,36,229,69.21863799283155,432,19205.78494623656,5358414,0.8924731182795699,0.053763440860215,0.053763440860215,0.0,0.0,65.34456928838951,0.992831541218638,0.007168458781362,0.0,0.0,77,none,Normal
2019-01-22 04:51:00,180,36,160,86.2611111111111,460,23029.93888888889,4145389,0.8944444444444445,0.0666666666666666,0.0388888888888888,0.0,0.0,84.8735632183908,1.0,0.0,0.0,0.0,30,none,Normal
2019-01-22 04:43:00,307,35,235,68.92833876221498,485,22572.8664495114,6929870,0.9153094462540716,0.0684039087947882,0.01628664495114,0.0,0.0,41.758389261744966,0.986970684039088,0.013029315960912,0.0,0.0,65,none,Normal
2019-01-22 05:48:00,248,37,214,93.4758064516129,438,26606.84677419355,6598498,0.939516129032258,0.0443548387096774,0.0161290322580645,0.0,0.0040322580645161,84.53719008264463,0.9919354838709676,0.0080645161290322,0.0,0.0,37,none,Normal
2019-01-22 05:19:00,233,46,194,68.91845493562232,483,21102.64806866953,4916917,0.8369098712446352,0.1244635193133047,0.03862660944206,0.0,0.0,75.2433628318584,0.9914163090128756,0.0085836909871244,0.0,0.0,35,none,Normal
2019-01-22 06:46:00,329,60,251,53.70820668693009,765,17546.562310030396,5772819,0.8753799392097265,0.1033434650455927,0.0212765957446808,0.0,0.0,130.29968454258676,0.9908814589665652,0.0091185410334346,0.0,0.0,42,none,Normal
2019-01-22 06:48:00,240,54,197,68.8,422,19746.579166666663,4739179,0.875,0.1041666666666666,0.0208333333333333,0.0,0.0166666666666666,140.21333333333334,0.9916666666666668,0.0083333333333333,0.0,0.0,36,R1_suspicious_uri,Anomaly
2019-01-22 06:42:00,312,54,216,65.52884615384616,433,17323.93269230769,5405067,0.8685897435897436,0.0833333333333333,0.048076923076923,0.0,0.0,39.79794520547945,0.9935897435897436,0.0064102564102564,0.0,0.0,61,none,Normal
2019-01-22 07:19:00,571,78,415,47.62697022767075,465,13014.800350262696,7431451,0.956217162872154,0.0297723292469352,0.0140105078809106,0.0,0.0017513134851138,64.8040293040293,0.9842381786339754,0.0035026269702276,0.0,0.0122591943957968,88,none,Normal
2019-01-22 05:10:00,134,36,113,74.01492537313433,436,22924.201492537315,3071843,0.7761194029850746,0.1119402985074626,0.0597014925373134,0.0522388059701492,0.0,112.97709923664122,0.9328358208955224,0.0373134328358208,0.0,0.0298507462686567,21,R4_high_5xx_error,Anomaly
2019-01-22 05:36:00,212,42,166,85.69339622641509,496,19853.77358490566,4209000,0.7641509433962265,0.160377358490566,0.0754716981132075,0.0,0.0,132.8009708737864,0.9858490566037736,0.0141509433962264,0.0,0.0,41,R5_high_4xx_scan,Anomaly
2019-01-22 05:11:00,170,38,98,59.59411764705882,274,29465.4,5009118,0.8470588235294118,0.0705882352941176,0.0764705882352941,0.0058823529411764,0.0,82.3558282208589,0.976470588235294,0.0235294117647058,0.0,0.0,78,R5_high_4xx_scan,Anomaly
2019-01-22 07:10:00,620,73,450,42.04677419354839,453,14019.243548387096,8691931,0.9419354838709676,0.0564516129032258,0.0016129032258064,0.0,0.0,67.64141414141415,0.9935483870967742,0.0048387096774193,0.0,0.0016129032258064,83,none,Normal
2019-01-22 04:23:00,203,37,181,96.0935960591133,459,27106.802955665025,5502681,0.9458128078817734,0.0147783251231527,0.0394088669950738,0.0,0.0049261083743842,29.73821989528796,1.0,0.0,0.0,0.0,38,none,Normal
2019-01-22 04:07:00,283,42,231,65.2826855123675,516,19464.36042402827,5508414,0.911660777385159,0.0742049469964664,0.0141342756183745,0.0,0.0,16.026515151515152,0.9858657243816256,0.0141342756183745,0.0,0.0,39,none,Normal
2019-01-22 04:26:00,141,29,127,89.0354609929078,465,21143.54609929078,2981240,0.9361702127659576,0.0425531914893617,0.0212765957446808,0.0,0.0141843971631205,51.08088235294117,1.0,0.0,0.0,0.0,25,R1_suspicious_uri,Anomaly
2019-01-22 04:49:00,238,40,205,82.62605042016807,474,20826.4243697479,4956689,0.8865546218487395,0.088235294117647,0.0252100840336134,0.0,0.0,68.89912280701755,0.9873949579831932,0.0126050420168067,0.0,0.0,44,none,Normal
2019-01-22 05:54:00,223,46,192,79.56053811659193,727,22557.10313901345,5030234,0.9417040358744396,0.0403587443946188,0.0179372197309417,0.0,0.0044843049327354,164.93896713615024,0.9910313901345292,0.0089686098654708,0.0,0.0,32,none,Normal
2019-01-22 06:23:00,296,39,243,60.55743243243244,430,17841.817567567567,5281178,0.929054054054054,0.0709459459459459,0.0,0.0,0.0033783783783783,50.6678445229682,0.9898648648648648,0.0067567567567567,0.0,0.0033783783783783,60,none,Normal
2019-01-22 06:49:00,332,60,245,68.33132530120481,525,18392.310240963856,6106247,0.9096385542168676,0.0873493975903614,0.003012048192771,0.0,0.0,73.85806451612903,0.993975903614458,0.0060240963855421,0.0,0.0,49,none,Normal
2019-01-22 05:15:00,199,39,152,81.58793969849246,492,25635.849246231155,5101534,0.8040201005025126,0.1457286432160804,0.050251256281407,0.0,0.0,99.09278350515464,0.984924623115578,0.0150753768844221,0.0,0.0,35,none,Normal
2019-01-22 06:31:00,315,44,253,74.63492063492063,433,21905.044444444444,6900089,0.8539682539682539,0.0761904761904762,0.0698412698412698,0.0,0.0,95.05573770491804,0.9904761904761904,0.0095238095238095,0.0,0.0,56,R5_high_4xx_scan,Anomaly
2019-01-22 05:00:00,209,40,165,87.73205741626795,1175,18551.82775119617,3877332,0.8086124401913876,0.1435406698564593,0.0478468899521531,0.0,0.0,62.791044776119406,0.9665071770334928,0.0334928229665071,0.0,0.0,47,none,Normal
2019-01-22 07:33:00,556,72,417,48.868705035971225,451,14795.730215827338,8226426,0.9118705035971224,0.0647482014388489,0.0233812949640287,0.0,0.0035971223021582,81.77695167286245,0.9802158273381296,0.0053956834532374,0.0,0.014388489208633,67,none,Normal
2019-01-22 04:58:00,209,34,178,81.44976076555024,497,21790.727272727272,4554262,0.9186602870813396,0.0717703349282296,0.0095693779904306,0.0,0.0,86.34313725490196,0.9904306220095692,0.0095693779904306,0.0,0.0,52,none,Normal
2019-01-22 07:47:00,1075,100,634,32.89209302325581,444,11886.493953488372,12777981,0.9209302325581395,0.0744186046511627,0.0046511627906976,0.0,0.0009302325581395,34.95397890699904,0.9711627906976744,0.001860465116279,0.0,0.0269767441860465,110,R2_high_request_rate,Anomaly
2019-01-22 07:37:00,886,90,573,44.387133182844245,466,13309.268623024833,11792012,0.917607223476298,0.0598194130925507,0.0225733634311512,0.0,0.0022573363431151,43.47957992998833,0.9571106094808126,0.0022573363431151,0.0,0.0406320541760722,84,none,Normal
2019-01-22 06:15:00,321,35,289,50.17133956386293,426,16614.940809968848,5333396,0.9532710280373832,0.0373831775700934,0.0093457943925233,0.0,0.0,26.4,0.9906542056074766,0.0093457943925233,0.0,0.0,158,none,Normal
2019-01-22 06:19:00,318,44,287,53.82704402515724,452,15065.861635220126,4790944,0.9465408805031448,0.0440251572327044,0.0094339622641509,0.0,0.0062893081761006,94.35830618892508,0.9937106918238994,0.0062893081761006,0.0,0.0,130,none,Normal
2019-01-22 07:27:00,901,86,620,41.38401775804662,474,13690.17203107658,12334845,0.9522752497225304,0.0266370699223085,0.0210876803551609,0.0,0.0,22.858131487889278,0.9933407325194228,0.0033296337402885,0.0,0.0033296337402885,88,none,Normal
2019-01-22 06:26:00,193,42,167,71.60103626943005,428,25673.19689119171,4954927,0.917098445595855,0.0725388601036269,0.0103626943005181,0.0,0.0,164.47826086956522,0.9844559585492229,0.0155440414507772,0.0,0.0,35,none,Normal
2019-01-22 06:06:00,195,43,166,76.95384615384616,514,20906.964102564103,4076858,0.9025641025641026,0.0717948717948717,0.0256410256410256,0.0,0.0,140.71428571428572,0.9692307692307692,0.0153846153846153,0.0,0.0153846153846153,43,none,Normal
2019-01-22 06:28:00,224,45,182,89.42857142857143,431,26850.96875,6014617,0.9017857142857144,0.0758928571428571,0.0223214285714285,0.0,0.0044642857142857,73.88151658767772,0.9910714285714286,0.0089285714285714,0.0,0.0,38,none,Normal
2019-01-22 05:08:00,201,36,177,89.8457711442786,496,24337.915422885573,4891921,0.945273631840796,0.0547263681592039,0.0,0.0,0.0,67.87046632124353,0.9850746268656716,0.0099502487562189,0.0,0.0049751243781094,52,none,Normal
2019-01-22 06:30:00,452,45,366,63.45796460176991,432,18832.694690265485,8512378,0.915929203539823,0.0619469026548672,0.0221238938053097,0.0,0.0022123893805309,48.633484162895925,0.9933628318584072,0.0066371681415929,0.0,0.0,95,none,Normal
2019-01-22 05:59:00,259,38,214,84.92277992277992,458,23984.660231660237,6212027,0.9613899613899614,0.0231660231660231,0.0154440154440154,0.0,0.0038610038610038,10.294354838709678,0.9922779922779924,0.0077220077220077,0.0,0.0,32,none,Normal
2019-01-22 08:00:00,1227,89,716,38.768541157294216,467,14223.677261613691,17452452,0.9494702526487367,0.0407497962510187,0.0097799511002444,0.0,0.0008149959250203,7.467619848612279,0.986960065199674,0.0,0.0,0.0130399348003259,94,R2_high_request_rate,Anomaly
2019-01-22 05:24:00,271,43,237,64.1660516605166,482,24147.431734317342,6543954,0.8819188191881919,0.081180811808118,0.03690036900369,0.0,0.0,94.3984962406015,0.992619926199262,0.007380073800738,0.0,0.0,55,none,Normal
2019-01-22 04:03:00,168,33,133,64.125,409,24550.089285714286,4124415,0.8333333333333334,0.1071428571428571,0.0595238095238095,0.0,0.0,6.913907284768212,0.9940476190476192,0.0059523809523809,0.0,0.0,39,none,Normal
2019-01-22 06:11:00,209,48,174,100.91866028708134,440,21182.569377990432,4427157,0.8708133971291866,0.0765550239234449,0.0526315789473684,0.0,0.0047846889952153,123.66666666666669,0.9521531100478468,0.0478468899521531,0.0,0.0,31,none,Normal
2019-01-22 07:07:00,603,67,476,49.401326699834165,459,15173.330016583748,9149518,0.9469320066334992,0.0464344941956882,0.0066334991708126,0.0,0.0,57.11774744027304,0.988391376451078,0.0016583747927031,0.0016583747927031,0.0082918739635157,122,none,Normal
2019-01-22 07:39:00,820,85,629,40.1280487804878,454,9827.121951219511,8058240,0.9182926829268292,0.0585365853658536,0.023170731707317,0.0,0.0024390243902439,21.80706179066835,0.9841463414634146,0.0,0.0,0.0158536585365853,124,none,Normal
2019-01-22 03:58:00,331,55,248,87.36253776435045,478,21329.70996978852,7060134,0.9033232628398792,0.066465256797583,0.0302114803625377,0.0,0.0,5.21594684385382,0.9848942598187312,0.0151057401812688,0.0,0.0,54,none,Normal
2019-01-22 04:22:00,184,39,165,86.44021739130434,459,26560.043478260868,4887048,0.8858695652173914,0.0815217391304347,0.0326086956521739,0.0,0.0,30.53614457831325,1.0,0.0,0.0,0.0,31,none,Normal
2019-01-22 07:09:00,450,55,329,56.73555555555556,445,15866.524444444443,7139936,0.9288888888888888,0.0644444444444444,0.0066666666666666,0.0,0.0,32.145785876993166,0.9866666666666668,0.0088888888888888,0.0,0.0044444444444444,66,none,Normal
2019-01-22 06:07:00,298,56,259,62.46979865771812,419,23752.489932885903,7078242,0.953020134228188,0.0335570469798657,0.0134228187919463,0.0,0.0033557046979865,148.21052631578948,0.9899328859060402,0.0067114093959731,0.0,0.0033557046979865,43,none,Normal
2019-01-22 04:10:00,249,37,182,64.63453815261045,401,20633.963855421687,5137857,0.7228915662650602,0.1285140562248996,0.1485943775100401,0.0,0.0,23.36286919831224,0.931726907630522,0.0682730923694779,0.0,0.0,49,R5_high_4xx_scan,Anomaly
2019-01-22 04:02:00,165,33,124,62.73939393939394,467,21695.466666666667,3579752,0.8363636363636363,0.0666666666666666,0.0969696969696969,0.0,0.0,9.766666666666667,0.9696969696969696,0.0303030303030303,0.0,0.0,36,R5_high_4xx_scan,Anomaly
2019-01-22 05:04:00,214,46,191,99.02803738317758,504,25344.429906542056,5423708,0.9158878504672896,0.0700934579439252,0.014018691588785,0.0,0.0,120.09569377990432,0.985981308411215,0.0093457943925233,0.0,0.0046728971962616,40,none,Normal
2019-01-22 06:13:00,424,45,356,61.04481132075472,452,14627.698113207549,6202144,0.9575471698113208,0.035377358490566,0.0070754716981132,0.0,0.0023584905660377,97.95157384987894,0.9905660377358492,0.0070754716981132,0.0,0.0023584905660377,123,none,Normal
2019-01-22 07:18:00,451,65,341,58.98226164079823,446,17872.9800443459,8060714,0.951219512195122,0.0376940133037694,0.0110864745011086,0.0,0.0,53.93735498839907,0.9889135254988912,0.0066518847006651,0.0,0.0044345898004434,54,none,Normal
2019-01-22 04:48:00,389,42,240,60.10539845758355,458,22199.884318766068,8635755,0.922879177377892,0.0539845758354755,0.0231362467866323,0.0,0.0,34.79736842105263,0.987146529562982,0.0128534704370179,0.0,0.0,102,none,Normal
2019-01-22 06:05:00,367,61,288,57.60762942779292,424,16156.00817438692,5929255,0.9427792915531336,0.0435967302452316,0.0136239782016348,0.0,0.0,151.44668587896254,0.9918256130790192,0.0081743869209809,0.0,0.0,54,none,Normal
2019-01-22 05:13:00,320,38,281,65.1,428,16672.6,5335232,0.9,0.096875,0.003125,0.0,0.0,69.90506329113924,0.99375,0.00625,0.0,0.0,125,none,Normal
2019-01-22 04:38:00,209,44,166,102.99043062200955,488,22971.047846889956,4800949,0.9090909090909092,0.0813397129186602,0.0095693779904306,0.0,0.0,65.94416243654823,0.9760765550239234,0.0143540669856459,0.0,0.0095693779904306,32,none,Normal
2019-01-22 07:06:00,357,75,276,67.3921568627451,459,19552.62184873949,6980286,0.8823529411764706,0.1064425770308123,0.011204481792717,0.0,0.0028011204481792,101.61144578313252,0.9915966386554622,0.0084033613445378,0.0,0.0,48,none,Normal
2019-01-22 06:02:00,256,38,202,84.6640625,445,23090.7890625,5911242,0.97265625,0.0234375,0.00390625,0.0,0.0078125,111.8225806451613,0.99609375,0.00390625,0.0,0.0,32,none,Normal
2019-01-22 06:01:00,337,41,254,71.09198813056379,489,20327.234421364985,6850278,0.9317507418397626,0.0534124629080118,0.0148367952522255,0.0,0.0,45.47289156626506,0.9910979228486648,0.0089020771513353,0.0,0.0,64,none,Normal
2019-01-22 07:58:00,459,82,317,57.48583877995642,466,15231.734204793029,6991366,0.906318082788671,0.0718954248366013,0.0217864923747276,0.0,0.0043572984749455,47.61971830985915,0.9956427015250544,0.0043572984749455,0.0,0.0,61,none,Normal
2019-01-22 07:26:00,493,78,371,61.77079107505071,459,15865.156186612576,7821522,0.9310344827586208,0.0446247464503042,0.024340770791075,0.0,0.0,46.43991416309013,0.9878296146044624,0.0060851926977687,0.0,0.0060851926977687,52,none,Normal
2019-01-22 06:56:00,452,64,338,43.65929203539823,425,13647.241150442478,6168553,0.911504424778761,0.079646017699115,0.0088495575221238,0.0,0.0,58.53472222222222,0.9823008849557522,0.0088495575221238,0.0,0.0088495575221238,71,none,Normal
2019-01-22 07:25:00,1004,85,774,43.407370517928285,467,12213.561752988047,12262416,0.952191235059761,0.0209163346613545,0.0268924302788844,0.0,0.0019920318725099,14.387396694214877,0.99402390438247,0.0039840637450199,0.0,0.0019920318725099,229,R3_single_ip_flood,Anomaly
2019-01-22 05:35:00,284,37,242,69.73591549295774,496,17918.665492957745,5088901,0.8908450704225352,0.0739436619718309,0.0352112676056338,0.0,0.0,130.23655913978496,0.98943661971831,0.0105633802816901,0.0,0.0,76,none,Normal
2019-01-22 06:34:00,219,48,175,82.00913242009132,426,19556.013698630137,4282767,0.867579908675799,0.091324200913242,0.0410958904109589,0.0,0.0045662100456621,119.2871287128713,0.9863013698630136,0.0091324200913242,0.0,0.0045662100456621,39,none,Normal
2019-01-22 07:30:00,902,90,578,44.007760532150776,474,14604.066518847008,13172868,0.9323725055432373,0.0354767184035476,0.032150776053215,0.0,0.0,35.41426927502877,0.9811529933481152,0.007760532150776,0.0,0.0110864745011086,82,none,Normal
2019-01-22 07:41:00,1066,94,674,35.650093808630395,403,10989.053470919323,11714331,0.9315196998123828,0.0637898686679174,0.0046904315196998,0.0,0.0,15.357073170731708,0.9784240150093808,0.0028142589118198,0.0,0.0187617260787992,116,R2_high_request_rate,Anomaly
2019-01-22 05:58:00,258,38,190,68.06976744186046,433,22254.96899224806,5741782,0.9224806201550388,0.0620155038759689,0.0155038759689922,0.0,0.003875968992248,76.044,0.992248062015504,0.0077519379844961,0.0,0.0,36,none,Normal
2019-01-22 04:29:00,238,40,199,77.51680672268908,422,20626.33613445378,4909068,0.96218487394958,0.0294117647058823,0.0084033613445378,0.0,0.0,44.84649122807018,0.9915966386554622,0.0084033613445378,0.0,0.0,37,none,Normal
2019-01-22 04:30:00,205,38,164,82.55121951219512,493,20221.156097560972,4145337,0.9073170731707316,0.0878048780487804,0.0048780487804878,0.0,0.0,53.826530612244895,0.9658536585365852,0.0341463414634146,0.0,0.0,42,none,Normal
2019-01-22 05:07:00,265,39,202,71.15471698113207,502,23003.215094339623,6095852,0.9471698113207548,0.0452830188679245,0.0075471698113207,0.0,0.0,41.534615384615385,0.9962264150943396,0.0,0.0,0.0037735849056603,96,none,Normal
2019-01-22 05:14:00,146,41,115,76.70547945205479,475,24233.479452054795,3538088,0.8013698630136986,0.1780821917808219,0.0205479452054794,0.0,0.0,111.6,0.9863013698630136,0.0136986301369863,0.0,0.0,24,none,Normal
2019-01-22 07:51:00,1082,89,747,31.849353049907577,436,12239.269870609982,13242890,0.944547134935305,0.0369685767097966,0.0184842883548983,0.0,0.0,17.418095238095237,0.9833641404805916,0.0027726432532347,0.0,0.0138632162661737,176,R2_high_request_rate;R3_single_ip_flood,Anomaly
2019-01-22 05:51:00,294,41,271,73.88095238095238,644,17566.88775510204,5164665,0.935374149659864,0.0544217687074829,0.010204081632653,0.0,0.0,98.21453287197232,0.9897959183673468,0.010204081632653,0.0,0.0,87,none,Normal
2019-01-22 07:44:00,979,104,709,39.764044943820224,453,12603.740551583249,12339062,0.9284984678243106,0.0541368743615934,0.0163432073544433,0.0010214504596527,0.0,30.440514469453376,0.9979570990806946,0.0,0.0,0.0020429009193054,131,none,Normal
2019-01-22 06:29:00,250,57,208,83.664,677,26135.008,6533752,0.852,0.108,0.04,0.0,0.0,123.82203389830508,0.992,0.008,0.0,0.0,38,none,Normal
2019-01-22 05:40:00,215,36,170,97.95348837209302,670,19156.3488372093,4118615,0.8093023255813954,0.1255813953488372,0.0651162790697674,0.0,0.0046511627906976,36.93269230769231,0.986046511627907,0.013953488372093,0.0,0.0,41,R5_high_4xx_scan,Anomaly
2019-01-22 07:38:00,1250,82,797,38.1576,459,10323.2432,12904054,0.9608,0.0336,0.0056,0.0,0.0024,29.24836601307189,0.9776,0.0024,0.0,0.02,267,R2_high_request_rate;R3_single_ip_flood,Anomaly
2019-01-22 06:55:00,337,66,234,52.34421364985163,426,14746.225519287837,4969478,0.887240356083086,0.0890207715133531,0.0237388724035608,0.0,0.0,93.5673076923077,0.9910979228486648,0.0089020771513353,0.0,0.0,37,none,Normal
2019-01-22 04:20:00,197,44,155,88.42639593908629,443,20591.654822335026,4056556,0.9035532994923858,0.0812182741116751,0.015228426395939,0.0,0.0,36.54644808743169,0.9543147208121828,0.0456852791878172,0.0,0.0,28,none,Normal
2019-01-22 07:36:00,831,92,556,48.76654632972323,466,13163.216606498196,10938633,0.941034897713598,0.0445246690734055,0.0144404332129963,0.0,0.0012033694344163,27.38529784537389,0.9891696750902528,0.0048134777376654,0.0,0.0060168471720818,110,none,Normal
2019-01-22 04:11:00,230,37,190,73.77391304347826,447,26459.34347826087,6085649,0.8173913043478261,0.0956521739130434,0.0869565217391304,0.0,0.0,23.61860465116279,0.9956521739130436,0.0043478260869565,0.0,0.0,42,R5_high_4xx_scan,Anomaly
2019-01-22 05:47:00,233,40,210,87.78540772532189,431,23755.064377682404,5534930,0.9785407725321889,0.0171673819742489,0.0042918454935622,0.0,0.0042918454935622,67.77477477477477,0.9957081545064378,0.0042918454935622,0.0,0.0,33,none,Normal
2019-01-22 07:32:00,1185,92,762,42.49029535864979,466,13045.845569620253,15459327,0.9324894514767932,0.0514767932489451,0.0160337552742616,0.0,0.0,30.481352992194275,0.9890295358649788,0.0025316455696202,0.0,0.0084388185654008,206,R2_high_request_rate;R3_single_ip_flood,Anomaly
2019-01-22 08:01:00,978,80,635,36.464212678936605,588,11831.775051124743,11571476,0.952965235173824,0.0347648261758691,0.0122699386503067,0.0,0.0010224948875255,13.432033719704952,0.983640081799591,0.0051124744376278,0.0,0.0112474437627811,163,none,Normal
2019-01-22 06:18:00,236,44,199,75.10169491525424,417,23811.25,5619455,0.9449152542372882,0.0508474576271186,0.0042372881355932,0.0,0.0042372881355932,57.63013698630137,0.9830508474576272,0.0127118644067796,0.0,0.0042372881355932,43,none,Normal
2019-01-22 07:55:00,1195,98,810,46.086192468619245,459,15182.09958158996,18142609,0.9481171548117154,0.0443514644351464,0.007531380753138,0.0,0.000836820083682,15.460207612456747,0.9832635983263598,0.001673640167364,0.0,0.0150627615062761,164,R2_high_request_rate,Anomaly
2019-01-22 07:42:00,1188,113,785,35.68518518518518,425,11015.994107744107,13087001,0.9402356902356902,0.0555555555555555,0.0042087542087542,0.0,0.0,31.92970123022847,0.984006734006734,0.0058922558922558,0.0,0.0101010101010101,207,R2_high_request_rate;R3_single_ip_flood,Anomaly
2019-01-22 04:25:00,291,44,257,67.45360824742268,465,20227.556701030928,5886219,0.9312714776632304,0.0515463917525773,0.0171821305841924,0.0,0.0034364261168384,42.84172661870504,0.9690721649484536,0.0309278350515463,0.0,0.0,92,none,Normal
2019-01-22 07:04:00,589,63,460,46.66213921901528,459,12984.983022071308,7648155,0.9219015280135824,0.0713073005093378,0.0067911714770797,0.0,0.0,58.03697183098591,0.99490662139219,0.0050933786078098,0.0,0.0,79,none,Normal
2019-01-22 07:54:00,1025,111,719,43.92780487804878,466,12365.941463414634,12675090,0.937560975609756,0.0497560975609756,0.0126829268292682,0.0,0.0,34.75508130081301,0.9834146341463414,0.0039024390243902,0.0,0.0126829268292682,94,none,Normal
2019-01-22 04:09:00,238,42,174,76.50840336134453,454,26284.344537815126,6255674,0.8109243697478992,0.1134453781512605,0.0756302521008403,0.0,0.0,11.52777777777778,0.9705882352941176,0.0294117647058823,0.0,0.0,43,R5_high_4xx_scan,Anomaly
2019-01-22 07:57:00,1027,96,707,43.69717624148004,445,13277.648490749756,13636145,0.9581304771178188,0.0340798442064264,0.0077896786757546,0.0,0.0,44.13925327951564,0.9863680623174296,0.0038948393378773,0.0,0.0097370983446932,147,none,Normal
2019-01-22 04:31:00,181,32,166,86.05524861878453,474,20242.690607734807,3663927,0.9060773480662984,0.0828729281767955,0.011049723756906,0.0,0.005524861878453,45.4378698224852,0.988950276243094,0.005524861878453,0.0,0.005524861878453,34,none,Normal
2019-01-22 04:28:00,252,28,191,74.36111111111111,383,21839.650793650795,5503592,0.9523809523809524,0.0277777777777777,0.0198412698412698,0.0,0.0,16.379591836734694,1.0,0.0,0.0,0.0,93,none,Normal
2019-01-22 04:44:00,206,44,167,74.66019417475728,670,25175.40776699029,5186134,0.8009708737864077,0.1601941747572815,0.0388349514563106,0.0,0.0,37.712765957446805,0.9902912621359224,0.0097087378640776,0.0,0.0,30,none,Normal
2019-01-22 05:45:00,200,37,167,99.295,434,26093.01,5218602,0.905,0.045,0.05,0.0,0.005,151.65463917525773,0.985,0.015,0.0,0.0,33,none,Normal
2019-01-22 06:10:00,246,42,209,87.41463414634147,438,23535.73577235772,5789791,0.9471544715447154,0.032520325203252,0.0203252032520325,0.0,0.0,97.55793991416309,0.9878048780487804,0.0121951219512195,0.0,0.0,37,none,Normal
2019-01-22 06:03:00,225,33,199,89.99111111111111,433,22315.057777777776,5020888,0.9644444444444444,0.0355555555555555,0.0,0.0,0.0,108.63063063063063,0.9911111111111112,0.0088888888888888,0.0,0.0,51,none,Normal
2019-01-22 06:39:00,376,60,292,67.36702127659575,442,18476.882978723403,6947308,0.8909574468085106,0.0691489361702127,0.0398936170212766,0.0,0.0,89.75070028011204,0.9920212765957448,0.0079787234042553,0.0,0.0,64,none,Normal
2019-01-22 04:34:00,201,34,164,89.56218905472637,591,27908.079601990048,5609524,0.845771144278607,0.1144278606965174,0.0398009950248756,0.0,0.0,43.91282051282051,0.9751243781094528,0.0248756218905472,0.0,0.0,40,none,Normal
2019-01-22 07:23:00,585,89,448,47.71452991452991,467,15389.478632478633,9002845,0.953846153846154,0.0427350427350427,0.0034188034188034,0.0,0.0,104.75768535262206,0.9863247863247864,0.0034188034188034,0.0,0.0102564102564102,49,none,Normal
2019-01-22 05:25:00,229,44,167,67.33187772925764,496,25158.183406113538,5761224,0.8820960698689956,0.0829694323144104,0.0349344978165938,0.0,0.0131004366812227,120.35267857142856,0.9868995633187772,0.0131004366812227,0.0,0.0,60,R1_suspicious_uri,Anomaly
2019-01-22 04:54:00,314,33,249,63.86624203821656,401,18692.87898089172,5869564,0.89171974522293,0.0891719745222929,0.019108280254777,0.0,0.0,8.452459016393442,0.9968152866242038,0.0031847133757961,0.0,0.0,76,none,Normal
2019-01-22 04:06:00,340,31,268,72.56470588235294,460,18042.67058823529,6134508,0.9205882352941176,0.0588235294117647,0.0205882352941176,0.0,0.0,7.840978593272172,0.9794117647058824,0.0205882352941176,0.0,0.0,52,none,Normal
2019-01-22 06:09:00,316,40,267,75.57911392405063,445,20836.335443037973,6584282,0.939873417721519,0.0443037974683544,0.0158227848101265,0.0,0.0031645569620253,118.125,0.981012658227848,0.0158227848101265,0.0,0.0031645569620253,49,none,Normal
2019-01-22 04:00:00,246,43,179,51.28048780487805,394,20646.044715447155,5078927,0.8943089430894309,0.0691056910569105,0.0365853658536585,0.0,0.0,7.192825112107624,0.926829268292683,0.073170731707317,0.0,0.0,52,none,Normal
2019-01-22 04:16:00,136,28,108,103.23529411764706,447,29174.147058823528,3967684,0.8823529411764706,0.088235294117647,0.0294117647058823,0.0,0.0,17.449612403100776,1.0,0.0,0.0,0.0,28,none,Normal
2019-01-22 06:59:00,386,60,300,74.20466321243524,688,18915.76165803109,7301484,0.9352331606217616,0.0336787564766839,0.0310880829015544,0.0,0.0,71.15151515151516,0.9948186528497408,0.005181347150259,0.0,0.0,40,none,Normal
2019-01-22 05:02:00,519,47,404,54.86512524084778,504,17055.38535645472,8851745,0.9460500963391136,0.0500963391136801,0.0038535645472061,0.0,0.001926782273603,46.713147410358566,1.0,0.0,0.0,0.0,92,none,Normal
2019-01-22 06:45:00,324,60,265,46.94135802469136,407,14091.99074074074,4565805,0.8518518518518519,0.1172839506172839,0.0308641975308641,0.0,0.0,126.66666666666669,0.9907407407407408,0.0092592592592592,0.0,0.0,83,none,Normal
2019-01-22 05:30:00,220,37,190,87.15454545454546,443,24528.55,5396281,0.8909090909090909,0.05,0.059090909090909,0.0,0.0045454545454545,102.60280373831776,0.9863636363636364,0.0136363636363636,0.0,0.0,26,none,Normal
2019-01-22 06:50:00,291,54,228,64.06872852233677,439,17480.917525773195,5086947,0.9175257731958762,0.0790378006872852,0.0034364261168384,0.0,0.0034364261168384,109.90036900369005,0.9896907216494846,0.0103092783505154,0.0,0.0,65,none,Normal
2019-01-22 05:06:00,229,47,203,82.97379912663756,502,25751.489082969438,5897091,0.9475982532751092,0.0436681222707423,0.0087336244541484,0.0,0.0043668122270742,68.12053571428571,1.0,0.0,0.0,0.0,48,none,Normal
2019-01-22 06:52:00,351,56,291,53.45014245014245,359,18525.91168091168,6502595,0.9173789173789174,0.0769230769230769,0.0056980056980056,0.0,0.0,116.69760479041916,0.9943019943019944,0.0028490028490028,0.0,0.0028490028490028,57,none,Normal
2019-01-22 06:35:00,314,42,253,67.59872611464968,430,16902.238853503186,5307303,0.8853503184713376,0.0796178343949044,0.0350318471337579,0.0,0.0,88.26421404682274,0.9904458598726116,0.0095541401273885,0.0,0.0,77,none,Normal
2019-01-22 05:27:00,306,43,223,60.55555555555556,482,19015.42483660131,5818720,0.8790849673202614,0.0686274509803921,0.0522875816993464,0.0,0.0,75.85374149659864,0.9967320261437908,0.0032679738562091,0.0,0.0,51,none,Normal
2019-01-22 04:39:00,314,42,253,81.69108280254777,495,18286.079617834395,5741829,0.8439490445859873,0.1019108280254777,0.054140127388535,0.0,0.0,34.691029900332225,0.9936305732484076,0.0063694267515923,0.0,0.0,103,none,Normal
2019-01-22 07:20:00,794,69,512,41.84508816120907,467,14574.23299748111,11571941,0.9357682619647356,0.0465994962216624,0.017632241813602,0.0,0.0012594458438287,50.97150259067357,0.9886649874055417,0.0050377833753148,0.0,0.0062972292191435,163,none,Normal
2019-01-22 04:47:00,206,57,155,56.101941747572816,481,20833.606796116503,4291723,0.7766990291262136,0.1796116504854369,0.0436893203883495,0.0,0.0,106.92307692307692,0.970873786407767,0.0097087378640776,0.0,0.0194174757281553,31,none,Normal
2019-01-22 07:29:00,835,89,579,44.795209580838325,662,14909.651497005989,12449559,0.9520958083832336,0.037125748502994,0.0107784431137724,0.0,0.0023952095808383,26.107231920199503,0.9784431137724552,0.0047904191616766,0.0,0.0167664670658682,82,none,Normal
2019-01-22 07:34:00,616,70,399,48.43993506493506,610,16595.285714285714,10222696,0.9090909090909092,0.0616883116883116,0.0292207792207792,0.0,0.0,36.95093062605753,0.9837662337662336,0.0081168831168831,0.0,0.0081168831168831,112,none,Normal
2019-01-22 06:12:00,378,44,287,70.18783068783068,440,18817.99470899471,7113202,0.9497354497354498,0.0449735449735449,0.0052910052910052,0.0,0.0,81.18801089918256,0.9973544973544972,0.0026455026455026,0.0,0.0,92,none,Normal
2019-01-22 06:21:00,397,52,324,49.53904282115869,452,16419.654911838792,6518603,0.9269521410579346,0.0503778337531486,0.0226700251889168,0.0,0.0,140.01033591731266,0.9924433249370276,0.0075566750629722,0.0,0.0,135,none,Normal
2019-01-22 04:01:00,245,40,188,48.9061224489796,299,19030.73469387755,4662530,0.9061224489795918,0.0408163265306122,0.0530612244897959,0.0,0.0,6.40625,0.9673469387755104,0.0326530612244898,0.0,0.0,50,none,Normal
2019-01-22 07:17:00,304,63,213,64.0625,458,19650.167763157893,5973651,0.9638157894736842,0.0328947368421052,0.0032894736842105,0.0,0.0,96.54063604240282,0.986842105263158,0.006578947368421,0.0,0.006578947368421,33,none,Normal
2019-01-22 05:26:00,204,38,173,70.18627450980392,659,20797.16176470588,4242621,0.8725490196078431,0.1078431372549019,0.0196078431372549,0.0,0.0,110.07142857142856,0.9852941176470588,0.0147058823529411,0.0,0.0,35,none,Normal
2019-01-22 05:23:00,181,43,142,83.00552486187846,685,27596.75690607735,4995013,0.850828729281768,0.1160220994475138,0.0331491712707182,0.0,0.0,58.48850574712644,0.988950276243094,0.011049723756906,0.0,0.0,42,none,Normal
2019-01-22 04:12:00,245,31,188,63.224489795918366,485,21319.22448979592,5223210,0.8775510204081632,0.1142857142857142,0.0040816326530612,0.0040816326530612,0.0040816326530612,8.243478260869566,1.0,0.0,0.0,0.0,57,none,Normal
2019-01-22 05:16:00,133,36,103,63.13533834586466,496,20751.51879699248,2759952,0.7894736842105263,0.2030075187969924,0.0075187969924812,0.0,0.0,105.22222222222224,0.9924812030075189,0.0075187969924812,0.0,0.0,23,none,Normal
2019-01-22 04:53:00,231,37,191,94.8008658008658,453,22882.26406926407,5285803,0.9090909090909092,0.0822510822510822,0.0086580086580086,0.0,0.0,44.02232142857143,0.9913419913419912,0.0086580086580086,0.0,0.0,35,none,Normal
2019-01-22 04:24:00,249,36,231,64.88353413654619,385,17302.89156626506,4308420,0.9357429718875502,0.0481927710843373,0.0160642570281124,0.0,0.0040160642570281,44.65289256198347,0.9919678714859438,0.0080321285140562,0.0,0.0,108,none,Normal
2019-01-22 07:35:00,822,84,633,47.228710462287104,610,14033.84306569343,11535819,0.9257907542579076,0.0644768856447688,0.0097323600973236,0.0,0.0,53.172284644194754,0.9914841849148418,0.0012165450121654,0.0,0.0072992700729927,240,R3_single_ip_flood,Anomaly
2019-01-22 03:56:00,242,39,202,62.52479338842975,447,15680.020661157025,3794565,0.950413223140496,0.024793388429752,0.024793388429752,0.0,0.0,1.9064039408866995,0.9421487603305784,0.012396694214876,0.0,0.0454545454545454,34,none,Normal
2019-01-22 07:59:00,885,81,626,41.829378531073445,453,14100.227118644068,12478701,0.9502824858757062,0.0418079096045197,0.007909604519774,0.0,0.0,16.637426900584796,0.9864406779661016,0.0011299435028248,0.0,0.0124293785310734,110,none,Normal
2019-01-22 07:14:00,328,60,274,61.04878048780488,453,16399.625,5379077,0.9207317073170732,0.0792682926829268,0.0,0.0,0.0,76.65495207667732,0.9878048780487804,0.0060975609756097,0.0,0.0060975609756097,45,none,Normal
2019-01-22 04:32:00,231,42,174,76.44155844155844,613,20492.489177489177,4733765,0.9134199134199136,0.0735930735930736,0.0129870129870129,0.0,0.0,59.5,1.0,0.0,0.0,0.0,49,none,Normal
2019-01-22 06:51:00,317,56,267,53.15141955835962,400,15643.236593059935,4958906,0.8706624605678234,0.1104100946372239,0.0189274447949526,0.0,0.0,76.59797297297297,0.9936908517350158,0.0031545741324921,0.0,0.0031545741324921,88,none,Normal
2019-01-22 07:56:00,1052,104,780,46.41730038022813,460,11659.834600760456,12266146,0.9638783269961976,0.0285171102661596,0.0076045627376425,0.0,0.0,70.10392156862746,0.9819391634980988,0.0047528517110266,0.0,0.0133079847908745,77,R2_high_request_rate,Anomaly
2019-01-22 05:20:00,269,48,225,69.28624535315986,503,18286.118959107807,4918966,0.8587360594795539,0.1189591078066914,0.0223048327137546,0.0,0.0,71.35271317829458,0.9888475836431226,0.0111524163568773,0.0,0.0,79,none,Normal
2019-01-22 06:38:00,374,55,262,71.02673796791444,430,20739.85561497326,7756706,0.8716577540106952,0.0989304812834224,0.0294117647058823,0.0,0.0053475935828877,76.10734463276836,0.9946524064171124,0.0053475935828877,0.0,0.0,54,none,Normal
2019-01-22 05:46:00,233,32,200,88.62231759656652,489,23449.905579399143,5463828,0.9313304721030042,0.0600858369098712,0.0085836909871244,0.0,0.0042918454935622,46.37280701754386,0.9871244635193132,0.0128755364806866,0.0,0.0,52,none,Normal
2019-01-22 06:53:00,694,59,476,44.69740634005764,425,12758.080691642652,8854108,0.9380403458213256,0.0533141210374639,0.0086455331412103,0.0,0.0057636887608069,48.52238805970149,0.989913544668588,0.0028818443804034,0.0,0.0072046109510086,133,none,Normal
2019-01-22 06:14:00,256,41,221,70.15625,445,24147.30078125,6181709,0.97265625,0.02734375,0.0,0.0,0.0,85.63524590163935,0.9921875,0.0078125,0.0,0.0,62,none,Normal
2019-01-22 04:35:00,488,34,333,56.87295081967213,481,16382.618852459016,7994718,0.9631147540983608,0.026639344262295,0.0102459016393442,0.0,0.0,14.652719665271968,0.9836065573770492,0.0163934426229508,0.0,0.0,239,R3_single_ip_flood,Anomaly
2019-01-22 05:34:00,255,36,199,75.50196078431372,503,18690.44705882353,4766064,0.8980392156862745,0.0666666666666666,0.0352941176470588,0.0,0.0,59.34146341463415,0.9882352941176472,0.0078431372549019,0.0,0.0039215686274509,47,none,Normal
2019-01-22 04:36:00,334,36,265,59.55988023952096,481,16303.859281437126,5445489,0.934131736526946,0.0508982035928143,0.0149700598802395,0.0,0.0,21.64923076923077,0.9760479041916168,0.0029940119760479,0.0,0.0209580838323353,76,none,Normal
